ds,trend,yhat_lower,yhat_upper,trend_lower,trend_upper,additive_terms,additive_terms_lower,additive_terms_upper,weekly,weekly_lower,weekly_upper,multiplicative_terms,multiplicative_terms_lower,multiplicative_terms_upper,yhat
2022-01-01,100338.62048629232,79974.9362243128,119138.23692503315,100338.62048629232,100338.62048629232,-817.0517691681795,-817.0517691681795,-817.0517691681795,-817.0517691681795,-817.0517691681795,-817.0517691681795,0.0,0.0,0.0,99521.56871712414
2022-01-02,100340.38593703286,83650.79112246846,118882.42619232785,100340.38593703286,100340.38593703286,1165.7932259036334,1165.7932259036334,1165.7932259036334,1165.7932259036334,1165.7932259036334,1165.7932259036334,0.0,0.0,0.0,101506.17916293649
2022-01-03,100342.15138777341,81332.25720832495,116217.4142108802,100342.15138777341,100342.15138777341,-259.4883450077341,-259.4883450077341,-259.4883450077341,-259.4883450077341,-259.4883450077341,-259.4883450077341,0.0,0.0,0.0,100082.66304276568
2022-01-04,100343.91683851393,81282.92987651845,118881.83843262943,100343.91683851393,100343.91683851393,70.628708832379,70.628708832379,70.628708832379,70.628708832379,70.628708832379,70.628708832379,0.0,0.0,0.0,100414.54554734631
2022-01-05,100345.68228925449,83212.62504077597,117952.27898278415,100345.68228925449,100345.68228925449,176.94166484259435,176.94166484259435,176.94166484259435,176.94166484259435,176.94166484259435,176.94166484259435,0.0,0.0,0.0,100522.62395409709
2022-01-06,100347.44773999503,82536.49445754275,118458.123299629,100347.44773999503,100347.44773999503,-668.9158422321576,-668.9158422321576,-668.9158422321576,-668.9158422321576,-668.9158422321576,-668.9158422321576,0.0,0.0,0.0,99678.53189776286
2022-01-07,100349.21319073557,83091.68964640892,120502.6810353165,100349.21319073557,100349.21319073557,332.0923568248928,332.0923568248928,332.0923568248928,332.0923568248928,332.0923568248928,332.0923568248928,0.0,0.0,0.0,100681.30554756046
2022-01-08,100350.97864147612,82021.28075186884,117780.03545163751,100350.97864147612,100350.97864147612,-817.0517691703559,-817.0517691703559,-817.0517691703559,-817.0517691703559,-817.0517691703559,-817.0517691703559,0.0,0.0,0.0,99533.92687230576
2022-01-09,100352.74409221664,82437.02534568326,119597.29829432211,100352.74409221664,100352.74409221664,1165.793225903134,1165.793225903134,1165.793225903134,1165.793225903134,1165.793225903134,1165.793225903134,0.0,0.0,0.0,101518.53731811978
2022-01-10,100354.5095429572,82377.22399524534,119123.57550008273,100354.5095429572,100354.5095429572,-259.48834501164293,-259.48834501164293,-259.48834501164293,-259.48834501164293,-259.48834501164293,-259.48834501164293,0.0,0.0,0.0,100095.02119794555
2022-01-11,100356.27499369773,81702.13534594626,118486.66347284421,100356.27499369773,100356.27499369773,70.62870883672798,70.62870883672798,70.62870883672798,70.62870883672798,70.62870883672798,70.62870883672798,0.0,0.0,0.0,100426.90370253446
2022-01-12,100358.04044443829,81980.46737781525,118948.85921973421,100358.04044443829,100358.04044443829,176.94166484958055,176.94166484958055,176.94166484958055,176.94166484958055,176.94166484958055,176.94166484958055,0.0,0.0,0.0,100534.98210928787
2022-01-13,100359.80589517883,81548.55156213901,117577.44253870941,100359.80589517883,100359.80589517883,-668.9158422334174,-668.9158422334174,-668.9158422334174,-668.9158422334174,-668.9158422334174,-668.9158422334174,0.0,0.0,0.0,99690.89005294541
2022-01-14,100361.57134591936,81892.8799501886,119231.30257151104,100361.57134591936,100361.57134591936,332.0923568277881,332.0923568277881,332.0923568277881,332.0923568277881,332.0923568277881,332.0923568277881,0.0,0.0,0.0,100693.66370274716
2022-01-15,100363.3367966599,81533.18052757293,115911.68305973471,100363.3367966599,100363.3367966599,-817.0517691698657,-817.0517691698657,-817.0517691698657,-817.0517691698657,-817.0517691698657,-817.0517691698657,0.0,0.0,0.0,99546.28502749004
2022-01-16,100365.10224740044,83840.73445624764,119658.72750281179,100365.10224740044,100365.10224740044,1165.7932259052764,1165.7932259052764,1165.7932259052764,1165.7932259052764,1165.7932259052764,1165.7932259052764,0.0,0.0,0.0,101530.89547330572
2022-01-17,100366.867698141,81720.78194822205,118687.65208950048,100366.867698141,100366.867698141,-259.4883450109196,-259.4883450109196,-259.4883450109196,-259.4883450109196,-259.4883450109196,-259.4883450109196,0.0,0.0,0.0,100107.37935313008
2022-01-18,100368.63314888153,82656.54859993311,117986.90733738428,100368.63314888153,100368.63314888153,70.62870884107684,70.62870884107684,70.62870884107684,70.62870884107684,70.62870884107684,70.62870884107684,0.0,0.0,0.0,100439.26185772261
2022-01-19,100370.39859962207,81480.9190800076,119073.27577169846,100370.39859962207,100370.39859962207,176.94166484497782,176.94166484497782,176.94166484497782,176.94166484497782,176.94166484497782,176.94166484497782,0.0,0.0,0.0,100547.34026446706
2022-01-20,100372.16405036263,83180.03328130435,118881.08992175547,100372.16405036263,100372.16405036263,-668.915842234677,-668.915842234677,-668.915842234677,-668.915842234677,-668.915842234677,-668.915842234677,0.0,0.0,0.0,99703.24820812794
2022-01-21,100373.92950110315,82358.23731038612,118171.84964931765,100373.92950110315,100373.92950110315,332.09235682594084,332.09235682594084,332.09235682594084,332.09235682594084,332.09235682594084,332.09235682594084,0.0,0.0,0.0,100706.0218579291
2022-01-22,100375.6949518437,81513.67133234303,117320.12091052206,100375.6949518437,100375.6949518437,-817.0517691695046,-817.0517691695046,-817.0517691695046,-817.0517691695046,-817.0517691695046,-817.0517691695046,0.0,0.0,0.0,99558.6431826742
2022-01-23,100377.46040258424,84308.69242307157,119393.63581926312,100377.46040258424,100377.46040258424,1165.7932259021345,1165.7932259021345,1165.7932259021345,1165.7932259021345,1165.7932259021345,1165.7932259021345,0.0,0.0,0.0,101543.25362848637
2022-01-24,100379.22585332478,82315.45335900817,119096.93710844842,100379.22585332478,100379.22585332478,-259.4883450037406,-259.4883450037406,-259.4883450037406,-259.4883450037406,-259.4883450037406,-259.4883450037406,0.0,0.0,0.0,100119.73750832104
2022-01-25,100380.99130572421,83334.46083670275,118961.13958079994,100380.99130572421,100380.99130572421,70.62870883401646,70.62870883401646,70.62870883401646,70.62870883401646,70.62870883401646,70.62870883401646,0.0,0.0,0.0,100451.62001455823
2022-01-26,100382.75675812365,82401.76928555194,118255.6279761903,100382.75675812365,100382.75675812365,176.9416648463168,176.9416648463168,176.9416648463168,176.9416648463168,176.9416648463168,176.9416648463168,0.0,0.0,0.0,100559.69842296997
2022-01-27,100384.52221052308,82019.45246883441,117474.22175644751,100384.52221052308,100384.52221052308,-668.9158422314654,-668.9158422314654,-668.9158422314654,-668.9158422314654,-668.9158422314654,-668.9158422314654,0.0,0.0,0.0,99715.60636829161
2022-01-28,100386.28766292252,81940.52876410395,118774.43137247415,100386.28766292252,100386.28766292252,332.09235682650336,332.09235682650336,332.09235682650336,332.09235682650336,332.09235682650336,332.09235682650336,0.0,0.0,0.0,100718.38001974902
2022-01-29,100388.05311532193,80619.23468013026,119186.19921360814,100388.05311532193,100388.05311532193,-817.0517691691434,-817.0517691691434,-817.0517691691434,-817.0517691691434,-817.0517691691434,-817.0517691691434,0.0,0.0,0.0,99571.00134615279
2022-01-30,100389.81856772138,81452.32871373722,118762.93201595948,100389.81856772138,100389.81856772138,1165.7932259037163,1165.7932259037163,1165.7932259037163,1165.7932259037163,1165.7932259037163,1165.7932259037163,0.0,0.0,0.0,101555.6117936251
2022-01-31,100391.5840201208,82039.135406991,117921.064995329,100391.5840201208,100391.5840201208,-259.48834500301723,-259.48834500301723,-259.48834500301723,-259.48834500301723,-259.48834500301723,-259.48834500301723,0.0,0.0,0.0,100132.09567511779
2022-02-01,100393.34947252025,83508.7272809892,119040.36336296017,100393.34947252025,100393.34947252025,70.62870883836538,70.62870883836538,70.62870883836538,70.62870883836538,70.62870883836538,70.62870883836538,0.0,0.0,0.0,100463.97818135862
2022-02-02,100395.11492491969,81616.44113977245,119288.92988541201,100395.11492491969,100395.11492491969,176.94166484200855,176.94166484200855,176.94166484200855,176.94166484200855,176.94166484200855,176.94166484200855,0.0,0.0,0.0,100572.0565897617
2022-02-03,100396.88037731912,81813.57940885436,117426.85887740036,100396.88037731912,100396.88037731912,-668.9158422371966,-668.9158422371966,-668.9158422371966,-668.9158422371966,-668.9158422371966,-668.9158422371966,0.0,0.0,0.0,99727.96453508192
2022-02-04,100398.64582971855,83355.26762530516,119841.37983580313,100398.64582971855,100398.64582971855,332.0923568269888,332.0923568269888,332.0923568269888,332.0923568269888,332.0923568269888,332.0923568269888,0.0,0.0,0.0,100730.73818654554
2022-02-05,100400.41128211797,81066.67687137735,118260.3145985592,100400.41128211797,100400.41128211797,-817.0517691685243,-817.0517691685243,-817.0517691685243,-817.0517691685243,-817.0517691685243,-817.0517691685243,0.0,0.0,0.0,99583.35951294945
2022-02-06,100402.17673451742,83206.1070142585,119982.76259647719,100402.17673451742,100402.17673451742,1165.7932259032166,1165.7932259032166,1165.7932259032166,1165.7932259032166,1165.7932259032166,1165.7932259032166,0.0,0.0,0.0,101567.96996042063
2022-02-07,100403.94218691684,80399.60038662647,117575.21898916956,100403.94218691684,100403.94218691684,-259.488345006926,-259.488345006926,-259.488345006926,-259.488345006926,-259.488345006926,-259.488345006926,0.0,0.0,0.0,100144.45384190991
2022-02-08,100405.70763931629,81977.79269624701,118641.57367419056,100405.70763931629,100405.70763931629,70.6287088370096,70.6287088370096,70.6287088370096,70.6287088370096,70.6287088370096,70.6287088370096,0.0,0.0,0.0,100476.3363481533
2022-02-09,100407.47309171571,83326.25238578902,118962.06013056274,100407.47309171571,100407.47309171571,176.94166483770036,176.94166483770036,176.94166483770036,176.94166483770036,176.94166483770036,176.94166483770036,0.0,0.0,0.0,100584.41475655341
2022-02-10,100409.23854411514,80515.5439140481,119409.25284552525,100409.23854411514,100409.23854411514,-668.9158422326528,-668.9158422326528,-668.9158422326528,-668.9158422326528,-668.9158422326528,-668.9158422326528,0.0,0.0,0.0,99740.32270188248
2022-02-11,100411.00399651457,82144.40427399322,118835.81276061333,100411.00399651457,100411.00399651457,332.09235682755144,332.09235682755144,332.09235682755144,332.09235682755144,332.09235682755144,332.09235682755144,0.0,0.0,0.0,100743.09635334212
2022-02-12,100412.76944891401,80859.14206272377,116883.84011895815,100412.76944891401,100412.76944891401,-817.0517691681631,-817.0517691681631,-817.0517691681631,-817.0517691681631,-817.0517691681631,-817.0517691681631,0.0,0.0,0.0,99595.71767974585
2022-02-13,100414.53490131344,82897.32069751232,119666.14021365561,100414.53490131344,100414.53490131344,1165.7932259053593,1165.7932259053593,1165.7932259053593,1165.7932259053593,1165.7932259053593,1165.7932259053593,0.0,0.0,0.0,101580.3281272188
2022-02-14,100416.30035371288,82230.55438500417,119258.97385773226,100416.30035371288,100416.30035371288,-259.4883450062026,-259.4883450062026,-259.4883450062026,-259.4883450062026,-259.4883450062026,-259.4883450062026,0.0,0.0,0.0,100156.81200870668
2022-02-15,100418.06580611231,83430.4570558657,119394.73086359884,100418.06580611231,100418.06580611231,70.6287088359686,70.6287088359686,70.6287088359686,70.6287088359686,70.6287088359686,70.6287088359686,0.0,0.0,0.0,100488.69451494828
2022-02-16,100419.83125851174,82967.27653233075,118165.23247848985,100419.83125851174,100419.83125851174,176.9416648446866,176.9416648446866,176.9416648446866,176.9416648446866,176.9416648446866,176.9416648446866,0.0,0.0,0.0,100596.77292335643
2022-02-17,100421.59671091118,80156.32393186798,117742.24594658341,100421.59671091118,100421.59671091118,-668.9158422383839,-668.9158422383839,-668.9158422383839,-668.9158422383839,-668.9158422383839,-668.9158422383839,0.0,0.0,0.0,99752.6808686728
2022-02-18,100423.36216619372,83132.64104485676,119221.918164275,100423.36216619372,100423.36216619372,332.09235682570414,332.09235682570414,332.09235682570414,332.09235682570414,332.09235682570414,332.09235682570414,0.0,0.0,0.0,100755.45452301942
2022-02-19,100425.12762147626,81816.23763842022,117522.5965865131,100425.12762147626,100425.12762147626,-817.051769167673,-817.051769167673,-817.051769167673,-817.051769167673,-817.051769167673,-817.051769167673,0.0,0.0,0.0,99608.07585230858
2022-02-20,100426.89307675879,83730.21753123407,119940.87775165119,100426.89307675879,100426.89307675879,1165.7932259075017,1165.7932259075017,1165.7932259075017,1165.7932259075017,1165.7932259075017,1165.7932259075017,0.0,0.0,0.0,101592.68630266629
2022-02-21,100428.65853204133,81797.97324720005,117693.5322511124,100428.65853204133,100428.65853204133,-259.4883450101114,-259.4883450101114,-259.4883450101114,-259.4883450101114,-259.4883450101114,-259.4883450101114,0.0,0.0,0.0,100169.17018703122
2022-02-22,100430.42398732385,81370.10845924179,118514.93445316982,100430.42398732385,100430.42398732385,70.62870883461287,70.62870883461287,70.62870883461287,70.62870883461287,70.62870883461287,70.62870883461287,0.0,0.0,0.0,100501.05269615847
2022-02-23,100432.1894426064,82949.0034034494,119495.05039817235,100432.1894426064,100432.1894426064,176.94166484037842,176.94166484037842,176.94166484037842,176.94166484037842,176.94166484037842,176.94166484037842,0.0,0.0,0.0,100609.13110744677
2022-02-24,100433.95489788892,80735.9114439577,118233.0228535136,100433.95489788892,100433.95489788892,-668.9158422351722,-668.9158422351722,-668.9158422351722,-668.9158422351722,-668.9158422351722,-668.9158422351722,0.0,0.0,0.0,99765.03905565375
2022-02-25,100435.72035317145,81426.68693602695,119713.09143339218,100435.72035317145,100435.72035317145,332.0923568262668,332.0923568262668,332.0923568262668,332.0923568262668,332.0923568262668,332.0923568262668,0.0,0.0,0.0,100767.81270999771
2022-02-26,100437.48580845399,80040.86679313827,115765.79155230343,100437.48580845399,100437.48580845399,-817.0517691697205,-817.0517691697205,-817.0517691697205,-817.0517691697205,-817.0517691697205,-817.0517691697205,0.0,0.0,0.0,99620.43403928427
2022-02-27,100439.25126373651,83319.93824586767,119686.82246810799,100439.25126373651,100439.25126373651,1165.793225901157,1165.793225901157,1165.793225901157,1165.793225901157,1165.793225901157,1165.793225901157,0.0,0.0,0.0,101605.04448963767
2022-02-28,100441.01671901906,82353.96510662488,117876.47315690403,100441.01671901906,100441.01671901906,-259.4883450047559,-259.4883450047559,-259.4883450047559,-259.4883450047559,-259.4883450047559,-259.4883450047559,0.0,0.0,0.0,100181.5283740143
2022-03-01,100442.78217430158,81303.76586556474,117768.5315246135,100442.78217430158,100442.78217430158,70.62870883896178,70.62870883896178,70.62870883896178,70.62870883896178,70.62870883896178,70.62870883896178,0.0,0.0,0.0,100513.41088314055
2022-03-02,100444.54762958412,81742.00116730454,118287.13665707411,100444.54762958412,100444.54762958412,176.94166484171743,176.94166484171743,176.94166484171743,176.94166484171743,176.94166484171743,176.94166484171743,0.0,0.0,0.0,100621.48929442585
2022-03-03,100446.31308486665,81627.20832085803,117563.47034003,100446.31308486665,100446.31308486665,-668.9158422351,-668.9158422351,-668.9158422351,-668.9158422351,-668.9158422351,-668.9158422351,0.0,0.0,0.0,99777.39724263154
2022-03-04,100448.0785401492,82213.8838734666,118929.13567610396,100448.0785401492,100448.0785401492,332.0923568244194,332.0923568244194,332.0923568244194,332.0923568244194,332.0923568244194,332.0923568244194,0.0,0.0,0.0,100780.17089697362
2022-03-05,100449.84399543173,80361.963781778,116997.38046714626,100449.84399543173,100449.84399543173,-817.0517691692304,-817.0517691692304,-817.0517691692304,-817.0517691692304,-817.0517691692304,-817.0517691692304,0.0,0.0,0.0,99632.79222626249
2022-03-06,100451.60945071426,82766.17649898464,119333.34000538765,100451.60945071426,100451.60945071426,1165.7932259006575,1165.7932259006575,1165.7932259006575,1165.7932259006575,1165.7932259006575,1165.7932259006575,0.0,0.0,0.0,101617.40267661492
2022-03-07,100453.3749059968,81603.83607690354,118048.17101485559,100453.3749059968,100453.3749059968,-259.48834500866457,-259.48834500866457,-259.48834500866457,-259.48834500866457,-259.48834500866457,-259.48834500866457,0.0,0.0,0.0,100193.88656098813
2022-03-08,100455.14036127932,83140.94439180115,119511.86027805363,100455.14036127932,100455.14036127932,70.628708837606,70.628708837606,70.628708837606,70.628708837606,70.628708837606,70.628708837606,0.0,0.0,0.0,100525.76907011693
2022-03-09,100456.90581656186,82912.1009342988,118917.86063515575,100456.90581656186,100456.90581656186,176.94166484276195,176.94166484276195,176.94166484276195,176.94166484276195,176.94166484276195,176.94166484276195,0.0,0.0,0.0,100633.84748140462
2022-03-10,100458.67127184439,80533.77510553694,117914.84240789144,100458.67127184439,100458.67127184439,-668.9158422363596,-668.9158422363596,-668.9158422363596,-668.9158422363596,-668.9158422363596,-668.9158422363596,0.0,0.0,0.0,99789.75542960803
2022-03-11,100460.43672712693,80758.88793820284,117696.1100830952,100460.43672712693,100460.43672712693,332.09235682739194,332.09235682739194,332.09235682739194,332.09235682739194,332.09235682739194,332.09235682739194,0.0,0.0,0.0,100792.52908395432
2022-03-12,100462.20218240946,80552.89344752957,117895.4614471126,100462.20218240946,100462.20218240946,-817.0517691688692,-817.0517691688692,-817.0517691688692,-817.0517691688692,-817.0517691688692,-817.0517691688692,0.0,0.0,0.0,99645.15041324058
2022-03-13,100463.96763925391,83660.90449055246,119590.58040701957,100463.96763925391,100463.96763925391,1165.7932259027998,1165.7932259027998,1165.7932259027998,1165.7932259027998,1165.7932259027998,1165.7932259027998,0.0,0.0,0.0,101629.76086515671
2022-03-14,100465.7330960984,81735.16389626093,118012.12187883018,100465.7330960984,100465.7330960984,-259.4883450061178,-259.4883450061178,-259.4883450061178,-259.4883450061178,-259.4883450061178,-259.4883450061178,0.0,0.0,0.0,100206.24475109228
2022-03-15,100467.49855294285,82807.07005419477,118285.74814686089,100467.49855294285,100467.49855294285,70.62870884195485,70.62870884195485,70.62870884195485,70.62870884195485,70.62870884195485,70.62870884195485,0.0,0.0,0.0,100538.1272617848
2022-03-16,100469.26400978734,82619.48618586882,120598.42670534352,100469.26400978734,100469.26400978734,176.94166484410096,176.94166484410096,176.94166484410096,176.94166484410096,176.94166484410096,176.94166484410096,0.0,0.0,0.0,100646.20567463143
2022-03-17,100471.02946663181,81634.04830917706,118184.63174607459,100471.02946663181,100471.02946663181,-668.9158422376194,-668.9158422376194,-668.9158422376194,-668.9158422376194,-668.9158422376194,-668.9158422376194,0.0,0.0,0.0,99802.11362439419
2022-03-18,100472.79492347628,83191.21037461422,120147.02766482062,100472.79492347628,100472.79492347628,332.09235682554475,332.09235682554475,332.09235682554475,332.09235682554475,332.09235682554475,332.09235682554475,0.0,0.0,0.0,100804.88728030182
2022-03-19,100474.56038032075,81777.99564469133,116291.10511121972,100474.56038032075,100474.56038032075,-817.0517691683791,-817.0517691683791,-817.0517691683791,-817.0517691683791,-817.0517691683791,-817.0517691683791,0.0,0.0,0.0,99657.50861115237
2022-03-20,100476.32583716522,82840.64279100623,117709.01244230321,100476.32583716522,100476.32583716522,1165.7932259049423,1165.7932259049423,1165.7932259049423,1165.7932259049423,1165.7932259049423,1165.7932259049423,0.0,0.0,0.0,101642.11906307016
2022-03-21,100478.09129400969,82115.70298002129,117740.60753039405,100478.09129400969,100478.09129400969,-259.48834500539454,-259.48834500539454,-259.48834500539454,-259.48834500539454,-259.48834500539454,-259.48834500539454,0.0,0.0,0.0,100218.6029490043
2022-03-22,100479.85675085416,81373.92519060645,117611.4829158521,100479.85675085416,100479.85675085416,70.62870883489461,70.62870883489461,70.62870883489461,70.62870883489461,70.62870883489461,70.62870883489461,0.0,0.0,0.0,100550.48545968905
2022-03-23,100481.62220769863,82627.16962389382,118393.82236052047,100481.62220769863,100481.62220769863,176.94166484544002,176.94166484544002,176.94166484544002,176.94166484544002,176.94166484544002,176.94166484544002,0.0,0.0,0.0,100658.56387254407
2022-03-24,100483.3876645431,81428.39916433764,118646.71078902471,100483.3876645431,100483.3876645431,-668.9158422344077,-668.9158422344077,-668.9158422344077,-668.9158422344077,-668.9158422344077,-668.9158422344077,0.0,0.0,0.0,99814.4718223087
2022-03-25,100485.15312138757,83151.31041676106,119878.60403387166,100485.15312138757,100485.15312138757,332.09235682603014,332.09235682603014,332.09235682603014,332.09235682603014,332.09235682603014,332.09235682603014,0.0,0.0,0.0,100817.2454782136
2022-03-26,100486.91857823204,82027.47602438323,116424.5869049407,100486.91857823204,100486.91857823204,-817.0517691704266,-817.0517691704266,-817.0517691704266,-817.0517691704266,-817.0517691704266,-817.0517691704266,0.0,0.0,0.0,99669.86680906161
2022-03-27,100488.68403507651,82590.85142828382,118939.32890263735,100488.68403507651,100488.68403507651,1165.7932259044428,1165.7932259044428,1165.7932259044428,1165.7932259044428,1165.7932259044428,1165.7932259044428,0.0,0.0,0.0,101654.47726098096
2022-03-28,100490.44949192098,82502.34669935454,119553.91230585163,100490.44949192098,100490.44949192098,-259.4883450046711,-259.4883450046711,-259.4883450046711,-259.4883450046711,-259.4883450046711,-259.4883450046711,0.0,0.0,0.0,100230.9611469163
2022-03-29,100492.21494876545,82531.78480210698,118614.83477143885,100492.21494876545,100492.21494876545,70.62870883924347,70.62870883924347,70.62870883924347,70.62870883924347,70.62870883924347,70.62870883924347,0.0,0.0,0.0,100562.8436576047
2022-03-30,100493.98040560994,81593.40241930491,117746.07115175908,100493.98040560994,100493.98040560994,176.94166484648443,176.94166484648443,176.94166484648443,176.94166484648443,176.94166484648443,176.94166484648443,0.0,0.0,0.0,100670.92207045642
2022-03-31,100495.7458624544,82229.56664497167,117826.11371222619,100495.7458624544,100495.7458624544,-668.915842231196,-668.915842231196,-668.915842231196,-668.915842231196,-668.915842231196,-668.915842231196,0.0,0.0,0.0,99826.83002022319
2022-04-01,100497.51131929886,83787.22302218447,118325.02856365046,100497.51131929886,100497.51131929886,332.09235682659266,332.09235682659266,332.09235682659266,332.09235682659266,332.09235682659266,332.09235682659266,0.0,0.0,0.0,100829.60367612545
2022-04-02,100499.27677614334,80496.99211620804,117367.82194872205,100499.27677614334,100499.27677614334,-817.0517691698076,-817.0517691698076,-817.0517691698076,-817.0517691698076,-817.0517691698076,-817.0517691698076,0.0,0.0,0.0,99682.22500697353
2022-04-03,100501.0422329878,85028.34072359982,119540.29501293118,100501.0422329878,100501.0422329878,1165.793225903943,1165.793225903943,1165.793225903943,1165.793225903943,1165.793225903943,1165.793225903943,0.0,0.0,0.0,101666.83545889174
2022-04-04,100502.80768983229,81322.4713781627,118861.5451222518,100502.80768983229,100502.80768983229,-259.48834500857987,-259.48834500857987,-259.48834500857987,-259.48834500857987,-259.48834500857987,-259.48834500857987,0.0,0.0,0.0,100243.31934482371
2022-04-05,100504.57314736572,82081.99509263996,119271.75186809507,100504.57314736572,100504.57314736572,70.62870883820229,70.62870883820229,70.62870883820229,70.62870883820229,70.62870883820229,70.62870883820229,0.0,0.0,0.0,100575.20185620393
2022-04-06,100506.33860489915,82833.21479210562,119554.3763163602,100506.33860489915,100506.33860489915,176.94166484217624,176.94166484217624,176.94166484217624,176.94166484217624,176.94166484217624,176.94166484217624,0.0,0.0,0.0,100683.28026974133
2022-04-07,100508.10406243255,81163.32683428934,118302.00482442428,100508.10406243255,100508.10406243255,-668.9158422324558,-668.9158422324558,-668.9158422324558,-668.9158422324558,-668.9158422324558,-668.9158422324558,0.0,0.0,0.0,99839.1882202001
2022-04-08,100509.86951996599,82167.99552720934,120532.83435600412,100509.86951996599,100509.86951996599,332.0923568271553,332.0923568271553,332.0923568271553,332.0923568271553,332.0923568271553,332.0923568271553,0.0,0.0,0.0,100841.96187679314
2022-04-09,100511.63497749942,80239.2426891016,117694.3211798139,100511.63497749942,100511.63497749942,-817.0517691694464,-817.0517691694464,-817.0517691694464,-817.0517691694464,-817.0517691694464,-817.0517691694464,0.0,0.0,0.0,99694.58320832998
2022-04-10,100513.40043503285,83298.36514243353,118512.12871867149,100513.40043503285,100513.40043503285,1165.7932259028828,1165.7932259028828,1165.7932259028828,1165.7932259028828,1165.7932259028828,1165.7932259028828,0.0,0.0,0.0,101679.19366093574
2022-04-11,100515.16589256628,81107.30486972127,118775.04502935815,100515.16589256628,100515.16589256628,-259.4883450124886,-259.4883450124886,-259.4883450124886,-259.4883450124886,-259.4883450124886,-259.4883450124886,0.0,0.0,0.0,100255.67754755379
2022-04-12,100516.93135009971,82375.24853523543,118367.58491744871,100516.93135009971,100516.93135009971,70.62870883684661,70.62870883684661,70.62870883684661,70.62870883684661,70.62870883684661,70.62870883684661,0.0,0.0,0.0,100587.56005893655
2022-04-13,100518.69680763314,83654.15040947753,118124.19650257575,100518.69680763314,100518.69680763314,176.9416648491625,176.9416648491625,176.9416648491625,176.9416648491625,176.9416648491625,176.9416648491625,0.0,0.0,0.0,100695.6384724823
2022-04-14,100520.46226516656,82213.3799649145,118353.92421712728,100520.46226516656,100520.46226516656,-668.9158422337156,-668.9158422337156,-668.9158422337156,-668.9158422337156,-668.9158422337156,-668.9158422337156,0.0,0.0,0.0,99851.54642293284
2022-04-15,100522.22772269999,83609.5537914716,119239.17829780698,100522.22772269999,100522.22772269999,332.092356825308,332.092356825308,332.092356825308,332.092356825308,332.092356825308,332.092356825308,0.0,0.0,0.0,100854.32007952529
2022-04-16,100523.99318023342,81348.96964794838,118787.80771745954,100523.99318023342,100523.99318023342,-817.0517691689563,-817.0517691689563,-817.0517691689563,-817.0517691689563,-817.0517691689563,-817.0517691689563,0.0,0.0,0.0,99706.94141106446
2022-04-17,100525.75863776685,84043.62800327346,120747.34223750094,100525.75863776685,100525.75863776685,1165.7932259050253,1165.7932259050253,1165.7932259050253,1165.7932259050253,1165.7932259050253,1165.7932259050253,0.0,0.0,0.0,101691.55186367188
2022-04-18,100527.52409530028,81098.45053594619,117898.20529839194,100527.52409530028,100527.52409530028,-259.4883450117652,-259.4883450117652,-259.4883450117652,-259.4883450117652,-259.4883450117652,-259.4883450117652,0.0,0.0,0.0,100268.03575028852
2022-04-19,100529.28955283371,82829.48696918436,117071.90308078863,100529.28955283371,100529.28955283371,70.62870883549083,70.62870883549083,70.62870883549083,70.62870883549083,70.62870883549083,70.62870883549083,0.0,0.0,0.0,100599.9182616692
2022-04-20,100531.05501036713,83787.92908402272,118267.41280642178,100531.05501036713,100531.05501036713,176.94166484485422,176.94166484485422,176.94166484485422,176.94166484485422,176.94166484485422,176.94166484485422,0.0,0.0,0.0,100707.99667521198
2022-04-21,100532.82046790056,82247.55411005025,118864.77317628398,100532.82046790056,100532.82046790056,-668.9158422336432,-668.9158422336432,-668.9158422336432,-668.9158422336432,-668.9158422336432,-668.9158422336432,0.0,0.0,0.0,99863.90462566691
2022-04-22,100534.58592543399,81576.76795849088,119861.01643543555,100534.58592543399,100534.58592543399,332.09235682820326,332.09235682820326,332.09235682820326,332.09235682820326,332.09235682820326,332.09235682820326,0.0,0.0,0.0,100866.67828226219
2022-04-23,100536.35138296742,82066.0553399782,117577.94847848943,100536.35138296742,100536.35138296742,-817.0517691685952,-817.0517691685952,-817.0517691685952,-817.0517691685952,-817.0517691685952,-817.0517691685952,0.0,0.0,0.0,99719.29961379882
2022-04-24,100538.11684050085,83535.89525898309,120779.53726975777,100538.11684050085,100538.11684050085,1165.7932259018835,1165.7932259018835,1165.7932259018835,1165.7932259018835,1165.7932259018835,1165.7932259018835,0.0,0.0,0.0,101703.91006640274
2022-04-25,100539.88229803428,82358.94536366752,119171.30027871091,100539.88229803428,100539.88229803428,-259.48834501104176,-259.48834501104176,-259.48834501104176,-259.48834501104176,-259.48834501104176,-259.48834501104176,0.0,0.0,0.0,100280.39395302325
2022-04-26,100541.6477555677,82169.62332562379,117258.46005145131,100541.6477555677,100541.6477555677,70.62870883444977,70.62870883444977,70.62870883444977,70.62870883444977,70.62870883444977,70.62870883444977,0.0,0.0,0.0,100612.27646440215
2022-04-27,100543.41321310113,81204.25291879788,119665.05695391301,100543.41321310113,100543.41321310113,176.94166484619325,176.94166484619325,176.94166484619325,176.94166484619325,176.94166484619325,176.94166484619325,0.0,0.0,0.0,100720.35487794732
2022-04-28,100545.17867063456,82221.10632578902,118626.10457388364,100545.17867063456,100545.17867063456,-668.9158422304316,-668.9158422304316,-668.9158422304316,-668.9158422304316,-668.9158422304316,-668.9158422304316,0.0,0.0,0.0,99876.26282840413
2022-04-29,100546.94412902449,82712.51270683603,121052.67593803158,100546.94412902449,100546.94412902449,332.0923568263561,332.0923568263561,332.0923568263561,332.0923568263561,332.0923568263561,332.0923568263561,0.0,0.0,0.0,100879.03648585084
2022-04-30,100548.70958741441,79856.45839883613,118684.05277287489,100548.70958741441,100548.70958741441,-817.0517691681049,-817.0517691681049,-817.0517691681049,-817.0517691681049,-817.0517691681049,-817.0517691681049,0.0,0.0,0.0,99731.65781824631
2022-05-01,100550.47504580434,83367.99337154579,120016.42614971621,100550.47504580434,100550.47504580434,1165.793225904026,1165.793225904026,1165.793225904026,1165.793225904026,1165.793225904026,1165.793225904026,0.0,0.0,0.0,101716.26827170837
2022-05-02,100552.24050419428,83045.32457803577,118692.17421741906,100552.24050419428,100552.24050419428,-259.4883450084951,-259.4883450084951,-259.4883450084951,-259.4883450084951,-259.4883450084951,-259.4883450084951,0.0,0.0,0.0,100292.7521591858
2022-05-03,100554.00596258421,82846.7580913011,118651.56738442737,100554.00596258421,100554.00596258421,70.6287088330941,70.6287088330941,70.6287088330941,70.6287088330941,70.6287088330941,70.6287088330941,0.0,0.0,0.0,100624.63467141731
2022-05-04,100555.77142097414,83093.82768094656,119081.36208706941,100555.77142097414,100555.77142097414,176.94166484188509,176.94166484188509,176.94166484188509,176.94166484188509,176.94166484188509,176.94166484188509,0.0,0.0,0.0,100732.71308581602
2022-05-05,100557.53687936407,81283.81178343525,118334.74065473402,100557.53687936407,100557.53687936407,-668.9158422361628,-668.9158422361628,-668.9158422361628,-668.9158422361628,-668.9158422361628,-668.9158422361628,0.0,0.0,0.0,99888.6210371279
2022-05-06,100559.30233775401,83845.90229327139,119588.96204414766,100559.30233775401,100559.30233775401,332.0923568293284,332.0923568293284,332.0923568293284,332.0923568293284,332.0923568293284,332.0923568293284,0.0,0.0,0.0,100891.39469458333
2022-05-07,100561.06779614392,80988.96677835805,116355.47341468326,100561.06779614392,100561.06779614392,-817.0517691701525,-817.0517691701525,-817.0517691701525,-817.0517691701525,-817.0517691701525,-817.0517691701525,0.0,0.0,0.0,99744.01602697377
2022-05-08,100562.83325453386,82983.79375619425,118933.54563044832,100562.83325453386,100562.83325453386,1165.7932259035263,1165.7932259035263,1165.7932259035263,1165.7932259035263,1165.7932259035263,1165.7932259035263,0.0,0.0,0.0,101728.6264804374
2022-05-09,100564.59871292378,82033.11030875094,117765.22072185804,100564.59871292378,100564.59871292378,-259.4883450077717,-259.4883450077717,-259.4883450077717,-259.4883450077717,-259.4883450077717,-259.4883450077717,0.0,0.0,0.0,100305.110367916
2022-05-10,100566.36417131372,82844.79240862826,119171.11031510169,100566.36417131372,100566.36417131372,70.62870883744296,70.62870883744296,70.62870883744296,70.62870883744296,70.62870883744296,70.62870883744296,0.0,0.0,0.0,100636.99288015116
2022-05-11,100568.12962970366,82190.7261981488,119096.87914337525,100568.12962970366,100568.12962970366,176.94166484322415,176.94166484322415,176.94166484322415,176.94166484322415,176.94166484322415,176.94166484322415,0.0,0.0,0.0,100745.07129454688
2022-05-12,100569.89508809357,81645.5792594131,117847.49953315893,100569.89508809357,100569.89508809357,-668.915842232951,-668.915842232951,-668.915842232951,-668.915842232951,-668.915842232951,-668.915842232951,0.0,0.0,0.0,99900.97924586062
2022-05-13,100571.66054648352,81785.90026640694,118332.42532108516,100571.66054648352,100571.66054648352,332.0923568274812,332.0923568274812,332.0923568274812,332.0923568274812,332.0923568274812,332.0923568274812,0.0,0.0,0.0,100903.752903311
2022-05-14,100573.42600487343,81688.8975046822,118252.21032808165,100573.42600487343,100573.42600487343,-817.0517691696624,-817.0517691696624,-817.0517691696624,-817.0517691696624,-817.0517691696624,-817.0517691696624,0.0,0.0,0.0,99756.37423570377
2022-05-15,100575.19146326337,82324.32631276504,118261.92751464742,100575.19146326337,100575.19146326337,1165.7932259056688,1165.7932259056688,1165.7932259056688,1165.7932259056688,1165.7932259056688,1165.7932259056688,0.0,0.0,0.0,101740.98468916904
2022-05-16,100576.9569216533,82128.955934059,118830.44247024458,100576.9569216533,100576.9569216533,-259.48834500704834,-259.48834500704834,-259.48834500704834,-259.48834500704834,-259.48834500704834,-259.48834500704834,0.0,0.0,0.0,100317.46857664625
2022-05-17,100578.72238004323,83453.33452792106,119556.67695976704,100578.72238004323,100578.72238004323,70.62870883038259,70.62870883038259,70.62870883038259,70.62870883038259,70.62870883038259,70.62870883038259,0.0,0.0,0.0,100649.3510888736
2022-05-18,100580.48783843315,81693.71763288937,118422.92443981877,100580.48783843315,100580.48783843315,176.94166484426856,176.94166484426856,176.94166484426856,176.94166484426856,176.94166484426856,176.94166484426856,0.0,0.0,0.0,100757.42950327742
2022-05-19,100582.2532968231,81607.08195842094,118278.05014058956,100582.2532968231,100582.2532968231,-668.9158422342108,-668.9158422342108,-668.9158422342108,-668.9158422342108,-668.9158422342108,-668.9158422342108,0.0,0.0,0.0,99913.33745458888
2022-05-20,100584.01875521301,82810.87411435471,119230.44743681636,100584.01875521301,100584.01875521301,332.09235682563394,332.09235682563394,332.09235682563394,332.09235682563394,332.09235682563394,332.09235682563394,0.0,0.0,0.0,100916.11111203865
2022-05-21,100585.78421360294,80372.88300652098,117248.81637028494,100585.78421360294,100585.78421360294,-817.0517691693011,-817.0517691693011,-817.0517691693011,-817.0517691693011,-817.0517691693011,-817.0517691693011,0.0,0.0,0.0,99768.73244443364
2022-05-22,100587.54966980773,83973.84886123911,119747.9237070626,100587.54966980773,100587.54966980773,1165.7932259051693,1165.7932259051693,1165.7932259051693,1165.7932259051693,1165.7932259051693,1165.7932259051693,0.0,0.0,0.0,101753.3428957129
2022-05-23,100589.31512601256,82009.99644342651,118306.61146851598,100589.31512601256,100589.31512601256,-259.48834500913364,-259.48834500913364,-259.48834500913364,-259.48834500913364,-259.48834500913364,-259.48834500913364,0.0,0.0,0.0,100329.82678100343
2022-05-24,100591.08058221737,83004.02915003078,118764.0927406556,100591.08058221737,100591.08058221737,70.62870883473144,70.62870883473144,70.62870883473144,70.62870883473144,70.62870883473144,70.62870883473144,0.0,0.0,0.0,100661.7092910521
2022-05-25,100592.84603842218,81865.80122405116,118893.36097669977,100592.84603842218,100592.84603842218,176.94166484560762,176.94166484560762,176.94166484560762,176.94166484560762,176.94166484560762,176.94166484560762,0.0,0.0,0.0,100769.7877032678
2022-05-26,100594.61149462698,81875.60366796068,119203.67519055131,100594.61149462698,100594.61149462698,-668.9158422341385,-668.9158422341385,-668.9158422341385,-668.9158422341385,-668.9158422341385,-668.9158422341385,0.0,0.0,0.0,99925.69565239284
2022-05-27,100596.3769508318,81099.95173766401,119403.56116925941,100596.3769508318,100596.3769508318,332.0923568261965,332.0923568261965,332.0923568261965,332.0923568261965,332.0923568261965,332.0923568261965,0.0,0.0,0.0,100928.46930765799
2022-05-28,100598.1424070366,82045.31719524525,116444.55994309299,100598.1424070366,100598.1424070366,-817.0517691686822,-817.0517691686822,-817.0517691686822,-817.0517691686822,-817.0517691686822,-817.0517691686822,0.0,0.0,0.0,99781.09063786792
2022-05-29,100599.90786324142,84380.09696258018,119692.69040296071,100599.90786324142,100599.90786324142,1165.7932259041088,1165.7932259041088,1165.7932259041088,1165.7932259041088,1165.7932259041088,1165.7932259041088,0.0,0.0,0.0,101765.70108914553
2022-05-30,100601.67331944621,82555.11610654717,118598.67883727927,100601.67331944621,100601.67331944621,-259.48834500377814,-259.48834500377814,-259.48834500377814,-259.48834500377814,-259.48834500377814,-259.48834500377814,0.0,0.0,0.0,100342.18497444244
2022-05-31,100603.43877565104,82109.05584030117,118785.26320601895,100603.43877565104,100603.43877565104,70.62870883908036,70.62870883908036,70.62870883908036,70.62870883908036,70.62870883908036,70.62870883908036,0.0,0.0,0.0,100674.06748449012
2022-06-01,100605.20423185585,83128.07451416584,118886.97816943808,100605.20423185585,100605.20423185585,176.9416648412993,176.9416648412993,176.9416648412993,176.9416648412993,176.9416648412993,176.9416648412993,0.0,0.0,0.0,100782.14589669715
2022-06-02,100606.96968806066,81499.84074994657,118204.14784617156,100606.96968806066,100606.96968806066,-668.9158422353983,-668.9158422353983,-668.9158422353983,-668.9158422353983,-668.9158422353983,-668.9158422353983,0.0,0.0,0.0,99938.05384582527
2022-06-03,100608.73514426546,84029.21737145209,117403.96401994987,100608.73514426546,100608.73514426546,332.0923568242721,332.0923568242721,332.0923568242721,332.0923568242721,332.0923568242721,332.0923568242721,0.0,0.0,0.0,100940.82750108973
2022-06-04,100610.50060047027,80942.24762133628,118503.30938876573,100610.50060047027,100610.50060047027,-817.0517691683209,-817.0517691683209,-817.0517691683209,-817.0517691683209,-817.0517691683209,-817.0517691683209,0.0,0.0,0.0,99793.44883130195
2022-06-05,100612.26605667509,83450.64543146256,120023.53199053473,100612.26605667509,100612.26605667509,1165.793225900967,1165.793225900967,1165.793225900967,1165.793225900967,1165.793225900967,1165.793225900967,0.0,0.0,0.0,101778.05928257605
2022-06-06,100614.0315128799,82401.1658628425,118823.10876819227,100614.0315128799,100614.0315128799,-259.4883450076869,-259.4883450076869,-259.4883450076869,-259.4883450076869,-259.4883450076869,-259.4883450076869,0.0,0.0,0.0,100354.54316787221
2022-06-07,100615.79696908471,82847.99984111935,118498.66597877236,100615.79696908471,100615.79696908471,70.62870883772463,70.62870883772463,70.62870883772463,70.62870883772463,70.62870883772463,70.62870883772463,0.0,0.0,0.0,100686.42567792244
2022-06-08,100617.56242528952,83510.58875842279,119385.10692020415,100617.56242528952,100617.56242528952,176.9416648482856,176.9416648482856,176.9416648482856,176.9416648482856,176.9416648482856,176.9416648482856,0.0,0.0,0.0,100794.50409013781
2022-06-09,100619.32788149433,82489.84157339773,117126.04865270904,100619.32788149433,100619.32788149433,-668.9158422366579,-668.9158422366579,-668.9158422366579,-668.9158422366579,-668.9158422366579,-668.9158422366579,0.0,0.0,0.0,99950.41203925767
2022-06-10,100621.09333769915,82625.49106403581,118606.4798431178,100621.09333769915,100621.09333769915,332.0923568272446,332.0923568272446,332.0923568272446,332.0923568272446,332.0923568272446,332.0923568272446,0.0,0.0,0.0,100953.18569452639
2022-06-11,100622.85879390394,82470.75483296491,117741.47346073423,100622.85879390394,100622.85879390394,-817.0517691679598,-817.0517691679598,-817.0517691679598,-817.0517691679598,-817.0517691679598,-817.0517691679598,0.0,0.0,0.0,99805.80702473599
2022-06-12,100624.62425010875,84907.8186703857,120560.31780681059,100624.62425010875,100624.62425010875,1165.7932259031093,1165.7932259031093,1165.7932259031093,1165.7932259031093,1165.7932259031093,1165.7932259031093,0.0,0.0,0.0,101790.41747601186
2022-06-13,100626.38970631357,81941.37624777299,117955.32177707499,100626.38970631357,100626.38970631357,-259.4883450069635,-259.4883450069635,-259.4883450069635,-259.4883450069635,-259.4883450069635,-259.4883450069635,0.0,0.0,0.0,100366.9013613066
2022-06-14,100628.15516589297,82235.86091408964,119805.34091927165,100628.15516589297,100628.15516589297,70.6287088423882,70.6287088423882,70.6287088423882,70.6287088423882,70.6287088423882,70.6287088423882,0.0,0.0,0.0,100698.78387473535
2022-06-15,100629.92062547237,82083.31750488417,119534.04117841144,100629.92062547237,100629.92062547237,176.94166484397732,176.94166484397732,176.94166484397732,176.94166484397732,176.94166484397732,176.94166484397732,0.0,0.0,0.0,100806.86229031635
2022-06-16,100631.68608505177,82010.36250457773,120295.1898480484,100631.68608505177,100631.68608505177,-668.9158422379177,-668.9158422379177,-668.9158422379177,-668.9158422379177,-668.9158422379177,-668.9158422379177,0.0,0.0,0.0,99962.77024281386
2022-06-17,100633.45154463119,82901.08168624374,117829.48089749091,100633.45154463119,100633.45154463119,332.0923568253972,332.0923568253972,332.0923568253972,332.0923568253972,332.0923568253972,332.0923568253972,0.0,0.0,0.0,100965.54390145658
2022-06-18,100635.21700421059,82569.34157807598,118555.65391643599,100635.21700421059,100635.21700421059,-817.0517691674697,-817.0517691674697,-817.0517691674697,-817.0517691674697,-817.0517691674697,-817.0517691674697,0.0,0.0,0.0,99818.16523504311
2022-06-19,100636.98246378999,83346.09422806361,121402.60287980844,100636.98246378999,100636.98246378999,1165.793225902049,1165.793225902049,1165.793225902049,1165.793225902049,1165.793225902049,1165.793225902049,0.0,0.0,0.0,101802.77568969203
2022-06-20,100638.74792336939,81176.63003041658,119456.89922232112,100638.74792336939,100638.74792336939,-259.4883450062402,-259.4883450062402,-259.4883450062402,-259.4883450062402,-259.4883450062402,-259.4883450062402,0.0,0.0,0.0,100379.25957836316
2022-06-21,100640.51338294879,82097.3307626022,117728.17002036925,100640.51338294879,100640.51338294879,70.62870883532784,70.62870883532784,70.62870883532784,70.62870883532784,70.62870883532784,70.62870883532784,0.0,0.0,0.0,100711.14209178412
2022-06-22,100642.27884252819,84574.62110021058,119801.79780085113,100642.27884252819,100642.27884252819,176.94166485066907,176.94166485066907,176.94166485066907,176.94166485066907,176.94166485066907,176.94166485066907,0.0,0.0,0.0,100819.22050737886
2022-06-23,100644.04430210759,81066.30756330425,117699.53398497995,100644.04430210759,100644.04430210759,-668.915842234706,-668.915842234706,-668.915842234706,-668.915842234706,-668.915842234706,-668.915842234706,0.0,0.0,0.0,99975.12845987288
2022-06-24,100645.809761687,81773.53294985824,117599.0686328841,100645.809761687,100645.809761687,332.0923568259598,332.0923568259598,332.0923568259598,332.0923568259598,332.0923568259598,332.0923568259598,0.0,0.0,0.0,100977.90211851297
2022-06-25,100647.57522126641,82203.33280118,118096.63843010696,100647.57522126641,100647.57522126641,-817.0517691696461,-817.0517691696461,-817.0517691696461,-817.0517691696461,-817.0517691696461,-817.0517691696461,0.0,0.0,0.0,99830.52345209676
2022-06-26,100649.3406808458,84879.1035996102,120373.94894501267,100649.3406808458,100649.3406808458,1165.7932259041916,1165.7932259041916,1165.7932259041916,1165.7932259041916,1165.7932259041916,1165.7932259041916,0.0,0.0,0.0,101815.13390674998
2022-06-27,100651.1061404252,81623.07642127475,119039.0660425554,100651.1061404252,100651.1061404252,-259.48834500551675,-259.48834500551675,-259.48834500551675,-259.48834500551675,-259.48834500551675,-259.48834500551675,0.0,0.0,0.0,100391.61779541968
2022-06-28,100652.87160000461,81388.98162203374,118327.43381855119,100652.87160000461,100652.87160000461,70.62870883967669,70.62870883967669,70.62870883967669,70.62870883967669,70.62870883967669,70.62870883967669,0.0,0.0,0.0,100723.50030884429
2022-06-29,100654.63705958401,82420.33476089642,120224.9866053664,100654.63705958401,100654.63705958401,176.9416648463609,176.9416648463609,176.9416648463609,176.9416648463609,176.9416648463609,176.9416648463609,0.0,0.0,0.0,100831.57872443038
2022-06-30,100656.40251916341,82271.55113764605,118032.9823329119,100656.40251916341,100656.40251916341,-668.9158422346337,-668.9158422346337,-668.9158422346337,-668.9158422346337,-668.9158422346337,-668.9158422346337,0.0,0.0,0.0,99987.48667692878
2022-07-01,100658.16797874281,83943.40510324958,119959.70281947969,100658.16797874281,100658.16797874281,332.0923568265224,332.0923568265224,332.0923568265224,332.0923568265224,332.0923568265224,332.0923568265224,0.0,0.0,0.0,100990.26033556934
2022-07-02,100659.93343832223,80899.56375242663,117821.70278486783,100659.93343832223,100659.93343832223,-817.0517691690271,-817.0517691690271,-817.0517691690271,-817.0517691690271,-817.0517691690271,-817.0517691690271,0.0,0.0,0.0,99842.8816691532
2022-07-03,100661.69889790162,83435.505104719,118939.54102686385,100661.69889790162,100661.69889790162,1165.7932259010497,1165.7932259010497,1165.7932259010497,1165.7932259010497,1165.7932259010497,1165.7932259010497,0.0,0.0,0.0,101827.49212380267
2022-07-04,100663.46435748102,83522.52961488815,117808.92179137791,100663.46435748102,100663.46435748102,-259.48834500942553,-259.48834500942553,-259.48834500942553,-259.48834500942553,-259.48834500942553,-259.48834500942553,0.0,0.0,0.0,100403.9760124716
2022-07-05,100665.22981706042,83453.52502516682,120362.8819781597,100665.22981706042,100665.22981706042,70.62870883832097,70.62870883832097,70.62870883832097,70.62870883832097,70.62870883832097,70.62870883832097,0.0,0.0,0.0,100735.85852589874
2022-07-06,100666.99527663983,82188.4531974185,118836.78726862847,100666.99527663983,100666.99527663983,176.94166484205263,176.94166484205263,176.94166484205263,176.94166484205263,176.94166484205263,176.94166484205263,0.0,0.0,0.0,100843.9369414819
2022-07-07,100668.76073621924,81300.71828395696,117934.76097109116,100668.76073621924,100668.76073621924,-668.9158422314221,-668.9158422314221,-668.9158422314221,-668.9158422314221,-668.9158422314221,-668.9158422314221,0.0,0.0,0.0,99999.84489398781
2022-07-08,100670.52619519843,83167.52217618965,121422.04258856244,100670.52619519843,100670.52619519843,332.0923568270851,332.0923568270851,332.0923568270851,332.0923568270851,332.0923568270851,332.0923568270851,0.0,0.0,0.0,101002.61855202551
2022-07-09,100672.29165417762,82528.86553410074,118413.14646456027,100672.29165417762,100672.29165417762,-817.051769168537,-817.051769168537,-817.051769168537,-817.051769168537,-817.051769168537,-817.051769168537,0.0,0.0,0.0,99855.23988500908
2022-07-10,100674.05711315681,84116.16532680453,119539.79447156613,100674.05711315681,100674.05711315681,1165.7932259031925,1165.7932259031925,1165.7932259031925,1165.7932259031925,1165.7932259031925,1165.7932259031925,0.0,0.0,0.0,101839.85033906001
2022-07-11,100675.82257213602,81774.07174778632,118596.89116843964,100675.82257213602,100675.82257213602,-259.4883450068788,-259.4883450068788,-259.4883450068788,-259.4883450068788,-259.4883450068788,-259.4883450068788,0.0,0.0,0.0,100416.33422712915
2022-07-12,100677.58803111521,82853.27001020445,119420.49410146115,100677.58803111521,100677.58803111521,70.62870883696519,70.62870883696519,70.62870883696519,70.62870883696519,70.62870883696519,70.62870883696519,0.0,0.0,0.0,100748.21673995219
2022-07-13,100679.3534900944,82931.01184498741,118476.91238141175,100679.3534900944,100679.3534900944,176.94166484903892,176.94166484903892,176.94166484903892,176.94166484903892,176.94166484903892,176.94166484903892,0.0,0.0,0.0,100856.29515494345
2022-07-14,100681.1189490736,82226.55731801006,118584.91607920393,100681.1189490736,100681.1189490736,-668.9158422371531,-668.9158422371531,-668.9158422371531,-668.9158422371531,-668.9158422371531,-668.9158422371531,0.0,0.0,0.0,100012.20310683644
2022-07-15,100682.88440805278,81329.10598271061,117814.77554046887,100682.88440805278,100682.88440805278,332.09235682523774,332.09235682523774,332.09235682523774,332.09235682523774,332.09235682523774,332.09235682523774,0.0,0.0,0.0,101014.97676487801
2022-07-16,100684.64986703197,81001.16016980007,117605.46319793568,100684.64986703197,100684.64986703197,-817.0517691705845,-817.0517691705845,-817.0517691705845,-817.0517691705845,-817.0517691705845,-817.0517691705845,0.0,0.0,0.0,99867.59809786138
2022-07-17,100686.41532601116,83801.22631707201,120278.67737906567,100686.41532601116,100686.41532601116,1165.7932259053348,1165.7932259053348,1165.7932259053348,1165.7932259053348,1165.7932259053348,1165.7932259053348,0.0,0.0,0.0,101852.2085519165
2022-07-18,100688.18078499036,80534.10019473828,117947.12917022668,100688.18078499036,100688.18078499036,-259.4883450107875,-259.4883450107875,-259.4883450107875,-259.4883450107875,-259.4883450107875,-259.4883450107875,0.0,0.0,0.0,100428.69243997957
2022-07-19,100689.94624396956,82104.40444999762,118749.37467400928,100689.94624396956,100689.94624396956,70.62870883592424,70.62870883592424,70.62870883592424,70.62870883592424,70.62870883592424,70.62870883592424,0.0,0.0,0.0,100760.57495280549
2022-07-20,100691.71170294876,81543.59294668766,119157.8889913881,100691.71170294876,100691.71170294876,176.94166484473075,176.94166484473075,176.94166484473075,176.94166484473075,176.94166484473075,176.94166484473075,0.0,0.0,0.0,100868.6533677935
2022-07-21,100693.47716192795,82565.66194555225,117766.1532690611,100693.47716192795,100693.47716192795,-668.9158422339416,-668.9158422339416,-668.9158422339416,-668.9158422339416,-668.9158422339416,-668.9158422339416,0.0,0.0,0.0,100024.56131969401
2022-07-22,100695.24262090714,83178.91269626807,119543.82705865851,100695.24262090714,100695.24262090714,332.09235682572324,332.09235682572324,332.09235682572324,332.09235682572324,332.09235682572324,332.09235682572324,0.0,0.0,0.0,101027.33497773287
2022-07-23,100697.00807988633,81265.56496681568,117609.45263299238,100697.00807988633,100697.00807988633,-817.0517691702233,-817.0517691702233,-817.0517691702233,-817.0517691702233,-817.0517691702233,-817.0517691702233,0.0,0.0,0.0,99879.95631071611
2022-07-24,100698.77353886553,82985.50667853018,121201.14344622717,100698.77353886553,100698.77353886553,1165.793225902193,1165.793225902193,1165.793225902193,1165.793225902193,1165.793225902193,1165.793225902193,0.0,0.0,0.0,101864.56676476772
2022-07-25,100700.53899784472,81548.40415719891,118642.08345011907,100700.53899784472,100700.53899784472,-259.48834500543205,-259.48834500543205,-259.48834500543205,-259.48834500543205,-259.48834500543205,-259.48834500543205,0.0,0.0,0.0,100441.05065283929
2022-07-26,100702.30445682393,83429.84773088274,119173.88731667129,100702.30445682393,100702.30445682393,70.62870883456846,70.62870883456846,70.62870883456846,70.62870883456846,70.62870883456846,70.62870883456846,0.0,0.0,0.0,100772.9331656585
2022-07-27,100704.06991580312,82432.24375345386,119300.88405092158,100704.06991580312,100704.06991580312,176.9416648457752,176.9416648457752,176.9416648457752,176.9416648457752,176.9416648457752,176.9416648457752,0.0,0.0,0.0,100881.01158064889
2022-07-28,100705.83537478231,83030.8330233444,117993.75673015066,100705.83537478231,100705.83537478231,-668.9158422307299,-668.9158422307299,-668.9158422307299,-668.9158422307299,-668.9158422307299,-668.9158422307299,0.0,0.0,0.0,100036.91953255159
2022-07-29,100707.6008337615,81959.10280153259,118571.0801944577,100707.6008337615,100707.6008337615,332.09235682387595,332.09235682387595,332.09235682387595,332.09235682387595,332.09235682387595,332.09235682387595,0.0,0.0,0.0,101039.69319058539
2022-07-30,100709.3662927407,80971.87274605743,117925.56701702191,100709.3662927407,100709.3662927407,-817.0517691697332,-817.0517691697332,-817.0517691697332,-817.0517691697332,-817.0517691697332,-817.0517691697332,0.0,0.0,0.0,99892.31452357097
2022-07-31,100711.13175307828,83161.2404146542,120315.41269816634,100711.13175307828,100711.13175307828,1165.7932259043355,1165.7932259043355,1165.7932259043355,1165.7932259043355,1165.7932259043355,1165.7932259043355,0.0,0.0,0.0,101876.92497898261
2022-08-01,100712.89721341588,81681.99010409327,119050.04306650285,100712.89721341588,100712.89721341588,-259.4883450093408,-259.4883450093408,-259.4883450093408,-259.4883450093408,-259.4883450093408,-259.4883450093408,0.0,0.0,0.0,100453.40886840654
2022-08-02,100714.66267375347,82959.82189516135,119681.46242939122,100714.66267375347,100714.66267375347,70.62870883321273,70.62870883321273,70.62870883321273,70.62870883321273,70.62870883321273,70.62870883321273,0.0,0.0,0.0,100785.29138258669
2022-08-03,100716.42813409105,83404.83400288885,119544.05008862165,100716.42813409105,100716.42813409105,176.94166484146697,176.94166484146697,176.94166484146697,176.94166484146697,176.94166484146697,176.94166484146697,0.0,0.0,0.0,100893.36979893252
2022-08-04,100718.19359442864,82933.24483571025,118561.82030065307,100718.19359442864,100718.19359442864,-668.9158422364609,-668.9158422364609,-668.9158422364609,-668.9158422364609,-668.9158422364609,-668.9158422364609,0.0,0.0,0.0,100049.27775219218
2022-08-05,100719.95905476624,82873.62979108447,118574.11578024461,100719.95905476624,100719.95905476624,332.0923568292582,332.0923568292582,332.0923568292582,332.0923568292582,332.0923568292582,332.0923568292582,0.0,0.0,0.0,101052.0514115955
2022-08-06,100721.72451510382,80912.75186943264,118702.56854185801,100721.72451510382,100721.72451510382,-817.051769169243,-817.051769169243,-817.051769169243,-817.051769169243,-817.051769169243,-817.051769169243,0.0,0.0,0.0,99904.67274593459
2022-08-07,100723.48997544141,84307.48226344615,119176.30561444547,100723.48997544141,100723.48997544141,1165.7932259032752,1165.7932259032752,1165.7932259032752,1165.7932259032752,1165.7932259032752,1165.7932259032752,0.0,0.0,0.0,101889.28320134469
2022-08-08,100725.25543577899,80783.07956448822,118469.8049353711,100725.25543577899,100725.25543577899,-259.48834501324944,-259.48834501324944,-259.48834501324944,-259.48834501324944,-259.48834501324944,-259.48834501324944,0.0,0.0,0.0,100465.76709076574
2022-08-09,100727.02089611659,83760.54484661233,118473.948858601,100727.02089611659,100727.02089611659,70.62870883756158,70.62870883756158,70.62870883756158,70.62870883756158,70.62870883756158,70.62870883756158,0.0,0.0,0.0,100797.64960495416
2022-08-10,100728.78635645418,82802.67483647367,118917.97796716922,100728.78635645418,100728.78635645418,176.94166484280603,176.94166484280603,176.94166484280603,176.94166484280603,176.94166484280603,176.94166484280603,0.0,0.0,0.0,100905.72802129698
2022-08-11,100730.55181679176,82203.1703660907,117191.17833945426,100730.55181679176,100730.55181679176,-668.9158422332494,-668.9158422332494,-668.9158422332494,-668.9158422332494,-668.9158422332494,-668.9158422332494,0.0,0.0,0.0,100061.6359745585
2022-08-12,100732.31727712936,81904.95865798803,120540.9723718381,100732.31727712936,100732.31727712936,332.0923568273338,332.0923568273338,332.0923568273338,332.0923568273338,332.0923568273338,332.0923568273338,0.0,0.0,0.0,101064.40963395669
2022-08-13,100734.08273746693,81268.45077147,118181.47153868868,100734.08273746693,100734.08273746693,-817.0517691687529,-817.0517691687529,-817.0517691687529,-817.0517691687529,-817.0517691687529,-817.0517691687529,0.0,0.0,0.0,99917.03096829818
2022-08-14,100735.84819780452,84284.87306673627,119949.39078821165,100735.84819780452,100735.84819780452,1165.7932259054176,1165.7932259054176,1165.7932259054176,1165.7932259054176,1165.7932259054176,1165.7932259054176,0.0,0.0,0.0,101901.64142370994
2022-08-15,100737.6136581421,82989.14109334849,118232.61876243254,100737.6136581421,100737.6136581421,-259.488345007894,-259.488345007894,-259.488345007894,-259.488345007894,-259.488345007894,-259.488345007894,0.0,0.0,0.0,100478.12531313421
2022-08-16,100739.37911847969,82377.61741365585,118347.7358534525,100739.37911847969,100739.37911847969,70.62870883050122,70.62870883050122,70.62870883050122,70.62870883050122,70.62870883050122,70.62870883050122,0.0,0.0,0.0,100810.00782731018
2022-08-17,100741.14457881729,82844.67593796148,118528.12929132386,100741.14457881729,100741.14457881729,176.94166484414498,176.94166484414498,176.94166484414498,176.94166484414498,176.94166484414498,176.94166484414498,0.0,0.0,0.0,100918.08624366143
2022-08-18,100742.91003915487,81555.1461943568,118076.81287352294,100742.91003915487,100742.91003915487,-668.9158422331769,-668.9158422331769,-668.9158422331769,-668.9158422331769,-668.9158422331769,-668.9158422331769,0.0,0.0,0.0,100073.99419692169
2022-08-19,100744.67549949246,82128.17247601131,119591.03528308237,100744.67549949246,100744.67549949246,332.09235682789637,332.09235682789637,332.09235682789637,332.09235682789637,332.09235682789637,332.09235682789637,0.0,0.0,0.0,101076.76785632035
2022-08-20,100746.44095983004,80717.6301366779,118260.8568081294,100746.44095983004,100746.44095983004,-817.0517691683917,-817.0517691683917,-817.0517691683917,-817.0517691683917,-817.0517691683917,-817.0517691683917,0.0,0.0,0.0,99929.38919066165
2022-08-21,100748.20642016764,83254.86229207776,120687.22601614131,100748.20642016764,100748.20642016764,1165.793225904918,1165.793225904918,1165.793225904918,1165.793225904918,1165.793225904918,1165.793225904918,0.0,0.0,0.0,101913.99964607255
2022-08-22,100749.97188050523,83407.74784904186,118489.36825670763,100749.97188050523,100749.97188050523,-259.48834500997935,-259.48834500997935,-259.48834500997935,-259.48834500997935,-259.48834500997935,-259.48834500997935,0.0,0.0,0.0,100490.48353549525
2022-08-23,100751.73733854551,82027.654361453,118315.51540067545,100751.73733854551,100751.73733854551,70.62870883516486,70.62870883516486,70.62870883516486,70.62870883516486,70.62870883516486,70.62870883516486,0.0,0.0,0.0,100822.36604738068
2022-08-24,100753.50279658579,82022.19613304104,118205.14546066256,100753.50279658579,100753.50279658579,176.94166484548404,176.94166484548404,176.94166484548404,176.94166484548404,176.94166484548404,176.94166484548404,0.0,0.0,0.0,100930.44446143127
2022-08-25,100755.26825462608,81306.63276226184,118074.31149029975,100755.26825462608,100755.26825462608,-668.9158422299654,-668.9158422299654,-668.9158422299654,-668.9158422299654,-668.9158422299654,-668.9158422299654,0.0,0.0,0.0,100086.35241239611
2022-08-26,100757.03371266637,82252.90784278711,119106.1476819612,100757.03371266637,100757.03371266637,332.0923568260492,332.0923568260492,332.0923568260492,332.0923568260492,332.0923568260492,332.0923568260492,0.0,0.0,0.0,101089.12606949241
2022-08-27,100758.79917070665,82509.35163555296,117810.50768598844,100758.79917070665,100758.79917070665,-817.0517691677727,-817.0517691677727,-817.0517691677727,-817.0517691677727,-817.0517691677727,-817.0517691677727,0.0,0.0,0.0,99941.74740153889
2022-08-28,100760.56462874693,84153.6457034686,119652.92496706136,100760.56462874693,100760.56462874693,1165.7932259044185,1165.7932259044185,1165.7932259044185,1165.7932259044185,1165.7932259044185,1165.7932259044185,0.0,0.0,0.0,101926.35785465135
2022-08-29,100762.33008678722,81818.83266967014,118167.86422477716,100762.33008678722,100762.33008678722,-259.48834500462385,-259.48834500462385,-259.48834500462385,-259.48834500462385,-259.48834500462385,-259.48834500462385,0.0,0.0,0.0,100502.8417417826
2022-08-30,100764.0955448275,82361.24559992147,119363.96171336628,100764.0955448275,100764.0955448275,70.62870883380906,70.62870883380906,70.62870883380906,70.62870883380906,70.62870883380906,70.62870883380906,0.0,0.0,0.0,100834.72425366132
2022-08-31,100765.8610028678,82593.00884023472,119379.08169467552,100765.8610028678,100765.8610028678,176.9416648411758,176.9416648411758,176.9416648411758,176.9416648411758,176.9416648411758,176.9416648411758,0.0,0.0,0.0,100942.80266770897
2022-09-01,100767.62646090807,80789.69461102482,117809.64052301846,100767.62646090807,100767.62646090807,-668.9158422356965,-668.9158422356965,-668.9158422356965,-668.9158422356965,-668.9158422356965,-668.9158422356965,0.0,0.0,0.0,100098.71061867237
2022-09-02,100769.39191894836,82738.61593489857,120083.9845866658,100769.39191894836,100769.39191894836,332.0923568242019,332.0923568242019,332.0923568242019,332.0923568242019,332.0923568242019,332.0923568242019,0.0,0.0,0.0,101101.48427577256
2022-09-03,100771.15737698865,82851.02432508612,118420.52256619623,100771.15737698865,100771.15737698865,-817.0517691699491,-817.0517691699491,-817.0517691699491,-817.0517691699491,-817.0517691699491,-817.0517691699491,0.0,0.0,0.0,99954.1056078187
2022-09-04,100772.92283502893,83823.26606750277,120375.06847090245,100772.92283502893,100772.92283502893,1165.7932259039187,1165.7932259039187,1165.7932259039187,1165.7932259039187,1165.7932259039187,1165.7932259039187,0.0,0.0,0.0,101938.71606093286
2022-09-05,100774.68829306922,80741.90443034939,119906.80737424397,100774.68829306922,100774.68829306922,-259.48834500853263,-259.48834500853263,-259.48834500853263,-259.48834500853263,-259.48834500853263,-259.48834500853263,0.0,0.0,0.0,100515.19994806069
2022-09-06,100776.45375110951,83011.01696083986,121204.92630225726,100776.45375110951,100776.45375110951,70.62870883815792,70.62870883815792,70.62870883815792,70.62870883815792,70.62870883815792,70.62870883815792,0.0,0.0,0.0,100847.08245994768
2022-09-07,100778.2192091498,82262.91288069486,118478.59096283751,100778.2192091498,100778.2192091498,176.94166484816205,176.94166484816205,176.94166484816205,176.94166484816205,176.94166484816205,176.94166484816205,0.0,0.0,0.0,100955.16087399796
2022-09-08,100779.98466719009,81135.69985125255,117915.48560934445,100779.98466719009,100779.98466719009,-668.9158422356242,-668.9158422356242,-668.9158422356242,-668.9158422356242,-668.9158422356242,-668.9158422356242,0.0,0.0,0.0,100111.06882495446
2022-09-09,100781.75012523036,81845.6479984351,119179.46111812965,100781.75012523036,100781.75012523036,332.09235682717434,332.09235682717434,332.09235682717434,332.09235682717434,332.09235682717434,332.09235682717434,0.0,0.0,0.0,101113.84248205753
2022-09-10,100783.51558327065,81860.8849406994,118975.1296982312,100783.51558327065,100783.51558327065,-817.051769169459,-817.051769169459,-817.051769169459,-817.051769169459,-817.051769169459,-817.051769169459,0.0,0.0,0.0,99966.4638141012
2022-09-11,100785.28104131094,83552.2563877439,120946.16238633766,100785.28104131094,100785.28104131094,1165.7932259060613,1165.7932259060613,1165.7932259060613,1165.7932259060613,1165.7932259060613,1165.7932259060613,0.0,0.0,0.0,101951.074267217
2022-09-12,100787.04649935123,83059.87585043494,120201.51739367026,100787.04649935123,100787.04649935123,-259.4883450078092,-259.4883450078092,-259.4883450078092,-259.4883450078092,-259.4883450078092,-259.4883450078092,0.0,0.0,0.0,100527.55815434342
2022-09-13,100788.8119573915,82406.08468926167,117909.45576982397,100788.8119573915,100788.8119573915,70.62870884250684,70.62870884250684,70.62870884250684,70.62870884250684,70.62870884250684,70.62870884250684,0.0,0.0,0.0,100859.440666234
2022-09-14,100790.57741543179,82151.56208445232,118225.91672015433,100790.57741543179,100790.57741543179,176.94166484355932,176.94166484355932,176.94166484355932,176.94166484355932,176.94166484355932,176.94166484355932,0.0,0.0,0.0,100967.51908027535
2022-09-15,100792.34287347208,82531.16366830861,117321.3734494355,100792.34287347208,100792.34287347208,-668.9158422368838,-668.9158422368838,-668.9158422368838,-668.9158422368838,-668.9158422368838,-668.9158422368838,0.0,0.0,0.0,100123.4270312352
2022-09-16,100794.10832922273,83166.68954349846,119824.33977951275,100794.10832922273,100794.10832922273,332.09235682532704,332.09235682532704,332.09235682532704,332.09235682532704,332.09235682532704,332.09235682532704,0.0,0.0,0.0,101126.20068604805
2022-09-17,100795.87378497337,81619.34774746138,117838.19702193387,100795.87378497337,100795.87378497337,-817.0517691690978,-817.0517691690978,-817.0517691690978,-817.0517691690978,-817.0517691690978,-817.0517691690978,0.0,0.0,0.0,99978.82201580428
2022-09-18,100797.639240724,84311.84510731955,119858.66615289694,100797.639240724,100797.639240724,1165.7932259023587,1165.7932259023587,1165.7932259023587,1165.7932259023587,1165.7932259023587,1165.7932259023587,0.0,0.0,0.0,101963.43246662637
2022-09-19,100799.40469647465,82697.56843465929,118967.69471892554,100799.40469647465,100799.40469647465,-259.48834500526243,-259.48834500526243,-259.48834500526243,-259.48834500526243,-259.48834500526243,-259.48834500526243,0.0,0.0,0.0,100539.9163514694
2022-09-20,100801.1701522253,81343.85706224212,118661.29010027499,100801.1701522253,100801.1701522253,70.62870883544647,70.62870883544647,70.62870883544647,70.62870883544647,70.62870883544647,70.62870883544647,0.0,0.0,0.0,100871.79886106074
2022-09-21,100802.93560797595,81989.21223264867,118765.28471608786,100802.93560797595,100802.93560797595,176.94166484489836,176.94166484489836,176.94166484489836,176.94166484489836,176.94166484489836,176.94166484489836,0.0,0.0,0.0,100979.87727282084
2022-09-22,100804.70106372659,82301.83446067138,118566.87241801662,100804.70106372659,100804.70106372659,-668.9158422336722,-668.9158422336722,-668.9158422336722,-668.9158422336722,-668.9158422336722,-668.9158422336722,0.0,0.0,0.0,100135.78522149292
2022-09-23,100806.46651947724,83126.45052074872,118650.79794829593,100806.46651947724,100806.46651947724,332.0923568258897,332.0923568258897,332.0923568258897,332.0923568258897,332.0923568258897,332.0923568258897,0.0,0.0,0.0,101138.55887630313
2022-09-24,100808.23197522787,81545.85381670111,119343.41639391759,100808.23197522787,100808.23197522787,-817.0517691687367,-817.0517691687367,-817.0517691687367,-817.0517691687367,-817.0517691687367,-817.0517691687367,0.0,0.0,0.0,99991.18020605913
2022-09-25,100809.99743097852,84541.57064109328,121500.30391076808,100809.99743097852,100809.99743097852,1165.7932259045012,1165.7932259045012,1165.7932259045012,1165.7932259045012,1165.7932259045012,1165.7932259045012,0.0,0.0,0.0,101975.79065688302
2022-09-26,100811.76288672916,82270.99204154259,119069.59367118446,100811.76288672916,100811.76288672916,-259.488345004539,-259.488345004539,-259.488345004539,-259.488345004539,-259.488345004539,-259.488345004539,0.0,0.0,0.0,100552.27454172462
2022-09-27,100813.52834247981,82985.33614177363,120491.9991363289,100813.52834247981,100813.52834247981,70.62870883979532,70.62870883979532,70.62870883979532,70.62870883979532,70.62870883979532,70.62870883979532,0.0,0.0,0.0,100884.1570513196
2022-09-28,100815.29379823046,82300.52345169161,119551.86652537616,100815.29379823046,100815.29379823046,176.94166484059002,176.94166484059002,176.94166484059002,176.94166484059002,176.94166484059002,176.94166484059002,0.0,0.0,0.0,100992.23546307105
2022-09-29,100817.0592539811,81301.343190127,117965.17537281249,100817.0592539811,100817.0592539811,-668.9158422349319,-668.9158422349319,-668.9158422349319,-668.9158422349319,-668.9158422349319,-668.9158422349319,0.0,0.0,0.0,100148.14341174618
2022-09-30,100818.82470973174,81451.85183615587,119307.44416676331,100818.82470973174,100818.82470973174,332.09235682637495,332.09235682637495,332.09235682637495,332.09235682637495,332.09235682637495,332.09235682637495,0.0,0.0,0.0,101150.9170665581
2022-10-01,100820.59016548238,83092.66557922882,118948.33416350889,100820.59016548238,100820.59016548238,-817.0517691681176,-817.0517691681176,-817.0517691681176,-817.0517691681176,-817.0517691681176,-817.0517691681176,0.0,0.0,0.0,100003.53839631427
2022-10-02,100822.35562123303,83075.35299650939,120984.72066639272,100822.35562123303,100822.35562123303,1165.7932259013594,1165.7932259013594,1165.7932259013594,1165.7932259013594,1165.7932259013594,1165.7932259013594,0.0,0.0,0.0,101988.14884713439
2022-10-03,100824.12107698369,82634.220463929,118317.8286759404,100824.12107698369,100824.12107698369,-259.4883450084478,-259.4883450084478,-259.4883450084478,-259.4883450084478,-259.4883450084478,-259.4883450084478,0.0,0.0,0.0,100564.63273197525
2022-10-04,100825.88653273434,82250.81881476902,118530.36331344322,100825.88653273434,100825.88653273434,70.62870883843966,70.62870883843966,70.62870883843966,70.62870883843966,70.62870883843966,70.62870883843966,0.0,0.0,0.0,100896.51524157278
2022-10-05,100827.65198848498,82671.43911413821,118255.46533006619,100827.65198848498,100827.65198848498,176.94166484728183,176.94166484728183,176.94166484728183,176.94166484728183,176.94166484728183,176.94166484728183,0.0,0.0,0.0,101004.59365333227
2022-10-06,100829.41744423562,82872.90296921182,118331.99212532754,100829.41744423562,100829.41744423562,-668.9158422317203,-668.9158422317203,-668.9158422317203,-668.9158422317203,-668.9158422317203,-668.9158422317203,0.0,0.0,0.0,100160.50160200389
2022-10-07,100831.18289998626,83686.63065735147,120996.15855035775,100831.18289998626,100831.18289998626,332.0923568269377,332.0923568269377,332.0923568269377,332.0923568269377,332.0923568269377,332.0923568269377,0.0,0.0,0.0,101163.2752568132
2022-10-08,100832.94835573691,83093.87013310893,117704.92000892147,100832.94835573691,100832.94835573691,-817.0517691677564,-817.0517691677564,-817.0517691677564,-817.0517691677564,-817.0517691677564,-817.0517691677564,0.0,0.0,0.0,100015.89658656916
2022-10-09,100834.71378893981,83884.61657728547,120477.36277940396,100834.71378893981,100834.71378893981,1165.7932259035017,1165.7932259035017,1165.7932259035017,1165.7932259035017,1165.7932259035017,1165.7932259035017,0.0,0.0,0.0,102000.50701484332
2022-10-10,100836.47922214272,81826.67969816047,119547.6549649507,100836.47922214272,100836.47922214272,-259.48834500772443,-259.48834500772443,-259.48834500772443,-259.48834500772443,-259.48834500772443,-259.48834500772443,0.0,0.0,0.0,100576.990877135
2022-10-11,100838.24465534562,83322.8808037754,119025.23179656644,100838.24465534562,100838.24465534562,70.62870883739855,70.62870883739855,70.62870883739855,70.62870883739855,70.62870883739855,70.62870883739855,0.0,0.0,0.0,100908.87336418302
2022-10-12,100840.01008854854,84518.57246741862,119506.30350738236,100840.01008854854,100840.01008854854,176.94166484862077,176.94166484862077,176.94166484862077,176.94166484862077,176.94166484862077,176.94166484862077,0.0,0.0,0.0,101016.95175339717
2022-10-13,100841.77552175144,83014.55936483006,117638.42377025499,100841.77552175144,100841.77552175144,-668.9158422374514,-668.9158422374514,-668.9158422374514,-668.9158422374514,-668.9158422374514,-668.9158422374514,0.0,0.0,0.0,100172.85967951399
2022-10-14,100843.54095495434,82253.39877587442,119939.281906047,100843.54095495434,100843.54095495434,332.09235682509035,332.09235682509035,332.09235682509035,332.09235682509035,332.09235682509035,332.09235682509035,0.0,0.0,0.0,101175.63331177943
2022-10-15,100845.30638815725,81961.2647110792,118430.81183404436,100845.30638815725,100845.30638815725,-817.051769169675,-817.051769169675,-817.051769169675,-817.051769169675,-817.051769169675,-817.051769169675,0.0,0.0,0.0,100028.25461898757
2022-10-16,100847.07182136015,82821.25172449092,120362.44444430598,100847.07182136015,100847.07182136015,1165.7932259024415,1165.7932259024415,1165.7932259024415,1165.7932259024415,1165.7932259024415,1165.7932259024415,0.0,0.0,0.0,102012.86504726259
2022-10-17,100848.83725456304,84094.16700124179,119037.25740290715,100848.83725456304,100848.83725456304,-259.4883450116332,-259.4883450116332,-259.4883450116332,-259.4883450116332,-259.4883450116332,-259.4883450116332,0.0,0.0,0.0,100589.34890955141
2022-10-18,100850.60268776596,83480.87410484688,118779.52386205827,100850.60268776596,100850.60268776596,70.6287088360428,70.6287088360428,70.6287088360428,70.6287088360428,70.6287088360428,70.6287088360428,0.0,0.0,0.0,100921.231396602
2022-10-19,100852.36812096887,82679.08659258427,119969.30589021822,100852.36812096887,100852.36812096887,176.94166484995984,176.94166484995984,176.94166484995984,176.94166484995984,176.94166484995984,176.94166484995984,0.0,0.0,0.0,101029.30978581883
2022-10-20,100854.13355417177,82002.62310916578,119213.79525715737,100854.13355417177,100854.13355417177,-668.9158422342398,-668.9158422342398,-668.9158422342398,-668.9158422342398,-668.9158422342398,-668.9158422342398,0.0,0.0,0.0,100185.21771193753
2022-10-21,100855.89898737468,82436.71892211823,120181.41200855713,100855.89898737468,100855.89898737468,332.092356825653,332.092356825653,332.092356825653,332.092356825653,332.092356825653,332.092356825653,0.0,0.0,0.0,101187.99134420033
2022-10-22,100857.66442057757,81191.89833880142,116835.19813294822,100857.66442057757,100857.66442057757,-817.051769169314,-817.051769169314,-817.051769169314,-817.051769169314,-817.051769169314,-817.051769169314,0.0,0.0,0.0,100040.61265140826
2022-10-23,100859.42985378047,84875.38099604879,119407.01421911313,100859.42985378047,100859.42985378047,1165.793225901942,1165.793225901942,1165.793225901942,1165.793225901942,1165.793225901942,1165.793225901942,0.0,0.0,0.0,102025.22307968242
2022-10-24,100861.19528698339,82999.02918842452,118678.10854738826,100861.19528698339,100861.19528698339,-259.4883450062777,-259.4883450062777,-259.4883450062777,-259.4883450062777,-259.4883450062777,-259.4883450062777,0.0,0.0,0.0,100601.70694197711
2022-10-25,100862.9607201863,81910.04499496361,118591.69869244455,100862.9607201863,100862.9607201863,70.62870884039167,70.62870884039167,70.62870884039167,70.62870884039167,70.62870884039167,70.62870884039167,0.0,0.0,0.0,100933.58942902669
2022-10-26,100864.7261533892,82482.59493130601,119289.0386014784,100864.7261533892,100864.7261533892,176.9416648456516,176.9416648456516,176.9416648456516,176.9416648456516,176.9416648456516,176.9416648456516,0.0,0.0,0.0,101041.66781823486
2022-10-27,100866.49158659209,82296.43434635396,118908.48729656232,100866.49158659209,100866.49158659209,-668.9158422341675,-668.9158422341675,-668.9158422341675,-668.9158422341675,-668.9158422341675,-668.9158422341675,0.0,0.0,0.0,100197.57574435792
2022-10-28,100868.257019795,83313.17113312078,119558.26809494047,100868.257019795,100868.257019795,332.0923568238057,332.0923568238057,332.0923568238057,332.0923568238057,332.0923568238057,332.0923568238057,0.0,0.0,0.0,101200.3493766188
2022-10-29,100870.02245299792,82636.84534505269,118550.84374106486,100870.02245299792,100870.02245299792,-817.0517691688237,-817.0517691688237,-817.0517691688237,-817.0517691688237,-817.0517691688237,-817.0517691688237,0.0,0.0,0.0,100052.97068382909
2022-10-30,100871.78788620082,84689.19003641447,120210.06486540212,100871.78788620082,100871.78788620082,1165.7932259014422,1165.7932259014422,1165.7932259014422,1165.7932259014422,1165.7932259014422,1165.7932259014422,0.0,0.0,0.0,102037.58111210227
2022-10-31,100873.55331940371,82229.94441458173,120018.06351649812,100873.55331940371,100873.55331940371,-259.4883450101864,-259.4883450101864,-259.4883450101864,-259.4883450101864,-259.4883450101864,-259.4883450101864,0.0,0.0,0.0,100614.06497439352
2022-11-01,100875.31874020306,82817.12219313282,117593.07815992765,100875.31874020306,100875.31874020306,70.62870883364603,70.62870883364603,70.62870883364603,70.62870883364603,70.62870883364603,70.62870883364603,0.0,0.0,0.0,100945.9474490367
2022-11-02,100877.08416100244,83564.99577030547,118592.69297946236,100877.08416100244,100877.08416100244,176.9416648413434,176.9416648413434,176.9416648413434,176.9416648413434,176.9416648413434,176.9416648413434,0.0,0.0,0.0,101054.02582584378
2022-11-03,100878.84958180178,81670.57388132018,117943.72396682236,100878.84958180178,100878.84958180178,-668.9158422354271,-668.9158422354271,-668.9158422354271,-668.9158422354271,-668.9158422354271,-668.9158422354271,0.0,0.0,0.0,100209.93373956636
2022-11-04,100880.61500260113,83604.21296521356,119579.86084138653,100880.61500260113,100880.61500260113,332.09235682677814,332.09235682677814,332.09235682677814,332.09235682677814,332.09235682677814,332.09235682677814,0.0,0.0,0.0,101212.7073594279
2022-11-05,100882.38042340051,82674.40253119386,118608.19976092597,100882.38042340051,100882.38042340051,-817.0517691683336,-817.0517691683336,-817.0517691683336,-817.0517691683336,-817.0517691683336,-817.0517691683336,0.0,0.0,0.0,100065.32865423217
2022-11-06,100884.14584419985,83176.54809539918,119594.02358441382,100884.14584419985,100884.14584419985,1165.7932259035847,1165.7932259035847,1165.7932259035847,1165.7932259035847,1165.7932259035847,1165.7932259035847,0.0,0.0,0.0,102049.93907010344
2022-11-07,100885.91126499922,82231.63261298779,118038.80973195093,100885.91126499922,100885.91126499922,-259.4883450076396,-259.4883450076396,-259.4883450076396,-259.4883450076396,-259.4883450076396,-259.4883450076396,0.0,0.0,0.0,100626.42291999157
2022-11-08,100887.67668579858,84431.91808736604,119253.15142116045,100887.67668579858,100887.67668579858,70.62870883799486,70.62870883799486,70.62870883799486,70.62870883799486,70.62870883799486,70.62870883799486,0.0,0.0,0.0,100958.30539463657
2022-11-09,100889.44210659793,82637.7463261449,118995.70453109348,100889.44210659793,100889.44210659793,176.9416648426824,176.9416648426824,176.9416648426824,176.9416648426824,176.9416648426824,176.9416648426824,0.0,0.0,0.0,101066.38377144061
2022-11-10,100891.20752739729,82329.46570401461,118112.75076213056,100891.20752739729,100891.20752739729,-668.9158422366869,-668.9158422366869,-668.9158422366869,-668.9158422366869,-668.9158422366869,-668.9158422366869,0.0,0.0,0.0,100222.2916851606
2022-11-11,100892.97294819665,83506.55606926847,119473.5378614903,100892.97294819665,100892.97294819665,332.0923568249309,332.0923568249309,332.0923568249309,332.0923568249309,332.0923568249309,332.0923568249309,0.0,0.0,0.0,101225.06530502158
2022-11-12,100894.73836899601,81465.78517555333,118359.5688908781,100894.73836899601,100894.73836899601,-817.051769170381,-817.051769170381,-817.051769170381,-817.051769170381,-817.051769170381,-817.051769170381,0.0,0.0,0.0,100077.68659982563
2022-11-13,100896.50378979536,85130.26583945433,121271.77487190654,100896.50378979536,100896.50378979536,1165.7932259057275,1165.7932259057275,1165.7932259057275,1165.7932259057275,1165.7932259057275,1165.7932259057275,0.0,0.0,0.0,102062.29701570109
2022-11-14,100898.26921059472,81947.53479674827,119386.52330611428,100898.26921059472,100898.26921059472,-259.4883450069163,-259.4883450069163,-259.4883450069163,-259.4883450069163,-259.4883450069163,-259.4883450069163,0.0,0.0,0.0,100638.7808655878
2022-11-15,100900.03463139408,83044.2015809824,120611.64961474913,100900.03463139408,100900.03463139408,70.62870883093457,70.62870883093457,70.62870883093457,70.62870883093457,70.62870883093457,70.62870883093457,0.0,0.0,0.0,100970.66334022502
2022-11-16,100901.80005219343,82710.59864190264,120502.18833692989,100901.80005219343,100901.80005219343,176.94166484402146,176.94166484402146,176.94166484402146,176.94166484402146,176.94166484402146,176.94166484402146,0.0,0.0,0.0,101078.74171703745
2022-11-17,100903.5654729928,81313.97456165103,117616.67986138747,100903.5654729928,100903.5654729928,-668.9158422334752,-668.9158422334752,-668.9158422334752,-668.9158422334752,-668.9158422334752,-668.9158422334752,0.0,0.0,0.0,100234.64963075933
2022-11-18,100905.33089379215,84107.85899046746,118637.12564647083,100905.33089379215,100905.33089379215,332.09235682782617,332.09235682782617,332.09235682782617,332.09235682782617,332.09235682782617,332.09235682782617,0.0,0.0,0.0,101237.42325061998
2022-11-19,100907.0963145915,81897.41541921544,118430.50811267318,100907.0963145915,100907.0963145915,-817.05176917002,-817.05176917002,-817.05176917002,-817.05176917002,-817.05176917002,-817.05176917002,0.0,0.0,0.0,100090.04454542148
2022-11-20,100908.86173539088,84379.55973230097,119044.38415623561,100908.86173539088,100908.86173539088,1165.7932259052277,1165.7932259052277,1165.7932259052277,1165.7932259052277,1165.7932259052277,1165.7932259052277,0.0,0.0,0.0,102074.65496129611
2022-11-21,100910.62715619022,83341.1910731376,117864.21244733129,100910.62715619022,100910.62715619022,-259.4883450061929,-259.4883450061929,-259.4883450061929,-259.4883450061929,-259.4883450061929,-259.4883450061929,0.0,0.0,0.0,100651.13881118404
2022-11-22,100912.3925769896,82960.9493298818,119414.5403730155,100912.3925769896,100912.3925769896,70.62870883528343,70.62870883528343,70.62870883528343,70.62870883528343,70.62870883528343,70.62870883528343,0.0,0.0,0.0,100983.02128582489
2022-11-23,100914.15799778896,81987.23768851253,118810.19374902376,100914.15799778896,100914.15799778896,176.94166484506587,176.94166484506587,176.94166484506587,176.94166484506587,176.94166484506587,176.94166484506587,0.0,0.0,0.0,101091.09966263403
2022-11-24,100915.91362241967,82771.1030681725,117648.5578600848,100915.91362241967,100915.91362241967,-668.9158422302637,-668.9158422302637,-668.9158422302637,-668.9158422302637,-668.9158422302637,-668.9158422302637,0.0,0.0,0.0,100246.99778018941
2022-11-25,100917.66924705039,82874.42706555902,119319.39829930692,100917.66924705039,100917.66924705039,332.092356825979,332.092356825979,332.092356825979,332.092356825979,332.092356825979,332.092356825979,0.0,0.0,0.0,101249.76160387637
2022-11-26,100919.4248716811,81638.0958849356,118745.73807552631,100919.4248716811,100919.4248716811,-817.0517691694008,-817.0517691694008,-817.0517691694008,-817.0517691694008,-817.0517691694008,-817.0517691694008,0.0,0.0,0.0,100102.3731025117
2022-11-27,100921.18049631182,85729.44734411161,118937.19559567992,100921.18049631182,100921.18049631182,1165.793225904728,1165.793225904728,1165.793225904728,1165.793225904728,1165.793225904728,1165.793225904728,0.0,0.0,0.0,102086.97372221654
2022-11-28,100922.93612094253,82058.77261474184,119766.75977137967,100922.93612094253,100922.93612094253,-259.4883450036461,-259.4883450036461,-259.4883450036461,-259.4883450036461,-259.4883450036461,-259.4883450036461,0.0,0.0,0.0,100663.44777593888
2022-11-29,100924.69174557325,83085.24687295483,118794.38890965257,100924.69174557325,100924.69174557325,70.6287088339277,70.6287088339277,70.6287088339277,70.6287088339277,70.6287088339277,70.6287088339277,0.0,0.0,0.0,100995.32045440718
2022-11-30,100926.44737020395,82839.559733385,120604.85195893845,100926.44737020395,100926.44737020395,176.94166484075774,176.94166484075774,176.94166484075774,176.94166484075774,176.94166484075774,176.94166484075774,0.0,0.0,0.0,101103.38903504472
2022-12-01,100928.20299483468,81813.70940610688,118589.26279813221,100928.20299483468,100928.20299483468,-668.9158422315234,-668.9158422315234,-668.9158422315234,-668.9158422315234,-668.9158422315234,-668.9158422315234,0.0,0.0,0.0,100259.28715260315
2022-12-02,100929.95861946538,82734.55732648405,119371.60363378811,100929.95861946538,100929.95861946538,332.09235682654156,332.09235682654156,332.09235682654156,332.09235682654156,332.09235682654156,332.09235682654156,0.0,0.0,0.0,101262.05097629192
2022-12-03,100931.7142440961,82117.45502682682,117803.06078949512,100931.7142440961,100931.7142440961,-817.0517691690396,-817.0517691690396,-817.0517691690396,-817.0517691690396,-817.0517691690396,-817.0517691690396,0.0,0.0,0.0,100114.66247492707
2022-12-04,100933.46986872681,84864.87529482698,119607.83876359917,100933.46986872681,100933.46986872681,1165.7932259036677,1165.7932259036677,1165.7932259036677,1165.7932259036677,1165.7932259036677,1165.7932259036677,0.0,0.0,0.0,102099.26309463047
2022-12-05,100935.22549335753,81540.8318886136,119006.11965450156,100935.22549335753,100935.22549335753,-259.4883450029228,-259.4883450029228,-259.4883450029228,-259.4883450029228,-259.4883450029228,-259.4883450029228,0.0,0.0,0.0,100675.73714835462
2022-12-06,100936.98111798824,82809.25769914014,118487.55373931458,100936.98111798824,100936.98111798824,70.62870883827661,70.62870883827661,70.62870883827661,70.62870883827661,70.62870883827661,70.62870883827661,0.0,0.0,0.0,101007.60982682652
2022-12-07,100938.73674261896,81309.61514809445,119115.69266507866,100938.73674261896,100938.73674261896,176.94166484774394,176.94166484774394,176.94166484774394,176.94166484774394,176.94166484774394,176.94166484774394,0.0,0.0,0.0,101115.67840746671
2022-12-08,100940.49236724967,81227.12941019805,117420.23904327946,100940.49236724967,100940.49236724967,-668.9158422327831,-668.9158422327831,-668.9158422327831,-668.9158422327831,-668.9158422327831,-668.9158422327831,0.0,0.0,0.0,100271.57652501688
2022-12-09,100942.24799188039,81549.93779964875,119269.15741391199,100942.24799188039,100942.24799188039,332.09235682702695,332.09235682702695,332.09235682702695,332.09235682702695,332.09235682702695,332.09235682702695,0.0,0.0,0.0,101274.34034870741
2022-12-10,100944.0036165111,83378.56277603844,118000.81727508122,100944.0036165111,100944.0036165111,-817.0517691685496,-817.0517691685496,-817.0517691685496,-817.0517691685496,-817.0517691685496,-817.0517691685496,0.0,0.0,0.0,100126.95184734254
2022-12-11,100945.75924114182,83054.5614188545,120651.4625489835,100945.75924114182,100945.75924114182,1165.79322590581,1165.79322590581,1165.79322590581,1165.79322590581,1165.79322590581,1165.79322590581,0.0,0.0,0.0,102111.55246704763
2022-12-12,100947.51486577252,82354.1826753908,118963.4576679117,100947.51486577252,100947.51486577252,-259.4883450068315,-259.4883450068315,-259.4883450068315,-259.4883450068315,-259.4883450068315,-259.4883450068315,0.0,0.0,0.0,100688.02652076569
2022-12-13,100949.27049040324,84257.99822595574,119721.74609699771,100949.27049040324,100949.27049040324,70.62870883692084,70.62870883692084,70.62870883692084,70.62870883692084,70.62870883692084,70.62870883692084,0.0,0.0,0.0,101019.89919924016
2022-12-14,100951.02611503395,83059.17652665923,119541.21164502282,100951.02611503395,100951.02611503395,176.94166484343575,176.94166484343575,176.94166484343575,176.94166484343575,176.94166484343575,176.94166484343575,0.0,0.0,0.0,101127.96777987739
2022-12-15,100952.78173966467,82388.04091879692,118480.90525793753,100952.78173966467,100952.78173966467,-668.915842237182,-668.915842237182,-668.915842237182,-668.915842237182,-668.915842237182,-668.915842237182,0.0,0.0,0.0,100283.86589742749
2022-12-16,100954.53736429538,83096.52119744639,120678.80048019561,100954.53736429538,100954.53736429538,332.0923568275895,332.0923568275895,332.0923568275895,332.0923568275895,332.0923568275895,332.0923568275895,0.0,0.0,0.0,101286.62972112297
2022-12-17,100956.2929889261,82951.99714431635,119600.51977569197,100956.2929889261,100956.2929889261,-817.0517691681885,-817.0517691681885,-817.0517691681885,-817.0517691681885,-817.0517691681885,-817.0517691681885,0.0,0.0,0.0,100139.24121975791
2022-12-18,100957.93859384816,83916.37255910102,120614.24575344147,100957.93859384816,100957.93859384816,1165.7932259026684,1165.7932259026684,1165.7932259026684,1165.7932259026684,1165.7932259026684,1165.7932259026684,0.0,0.0,0.0,102123.73181975083
2022-12-19,100959.58419877023,81796.94954343763,118594.80379074217,100959.58419877023,100959.58419877023,-259.488345001476,-259.488345001476,-259.488345001476,-259.488345001476,-259.488345001476,-259.488345001476,0.0,0.0,0.0,100700.09585376875
2022-12-20,100961.2298036923,82688.91356821923,117957.99406125023,100961.2298036923,100961.2298036923,70.6287088358797,70.6287088358797,70.6287088358797,70.6287088358797,70.6287088358797,70.6287088358797,0.0,0.0,0.0,101031.85851252818
2022-12-21,100962.87540861436,82781.71162986718,119260.14773748259,100962.87540861436,100962.87540861436,176.94166484477475,176.94166484477475,176.94166484477475,176.94166484477475,176.94166484477475,176.94166484477475,0.0,0.0,0.0,101139.81707345914
2022-12-22,100964.52101353642,81340.43317124253,119745.47566789162,100964.52101353642,100964.52101353642,-668.9158422339705,-668.9158422339705,-668.9158422339705,-668.9158422339705,-668.9158422339705,-668.9158422339705,0.0,0.0,0.0,100295.60517130245
2022-12-23,100966.16661845849,83113.02392360763,119156.47363305467,100966.16661845849,100966.16661845849,332.0923568257423,332.0923568257423,332.0923568257423,332.0923568257423,332.0923568257423,332.0923568257423,0.0,0.0,0.0,101298.25897528423
2022-12-24,100967.81222338055,81818.50638122852,119377.04250221298,100967.81222338055,100967.81222338055,-817.0517691676982,-817.0517691676982,-817.0517691676982,-817.0517691676982,-817.0517691676982,-817.0517691676982,0.0,0.0,0.0,100150.76045421285
2022-12-25,100969.45782830262,84718.61415109318,120871.6154164319,100969.45782830262,100969.45782830262,1165.7932259048107,1165.7932259048107,1165.7932259048107,1165.7932259048107,1165.7932259048107,1165.7932259048107,0.0,0.0,0.0,102135.25105420743
2022-12-26,100971.10343322468,82237.04574504224,119498.70923578413,100971.10343322468,100971.10343322468,-259.48834500538476,-259.48834500538476,-259.48834500538476,-259.48834500538476,-259.48834500538476,-259.48834500538476,0.0,0.0,0.0,100711.61508821929
2022-12-27,100972.74903814675,83658.9964944453,120603.87886214851,100972.74903814675,100972.74903814675,70.62870883452409,70.62870883452409,70.62870883452409,70.62870883452409,70.62870883452409,70.62870883452409,0.0,0.0,0.0,101043.37774698128
2022-12-28,100974.39464306881,83238.25005132033,119464.05490702351,100974.39464306881,100974.39464306881,176.94166484046656,176.94166484046656,176.94166484046656,176.94166484046656,176.94166484046656,176.94166484046656,0.0,0.0,0.0,101151.33630790928
2022-12-29,100976.04024799087,82143.85358152576,118714.18148621383,100976.04024799087,100976.04024799087,-668.9158422352301,-668.9158422352301,-668.9158422352301,-668.9158422352301,-668.9158422352301,-668.9158422352301,0.0,0.0,0.0,100307.12440575563
2022-12-30,100977.68585291294,82621.5998672,118610.07718908494,100977.68585291294,100977.68585291294,332.09235682871474,332.09235682871474,332.09235682871474,332.09235682871474,332.09235682871474,332.09235682871474,0.0,0.0,0.0,101309.77820974165
2022-12-31,100979.33145783501,82246.5765727716,118667.64762690132,100979.33145783501,100979.33145783501,-817.0517691697459,-817.0517691697459,-817.0517691697459,-817.0517691697459,-817.0517691697459,-817.0517691697459,0.0,0.0,0.0,100162.27968866526
2023-01-01,100980.97706275707,82929.2723617387,121127.61253470255,100980.97706275707,100980.97706275707,1165.7932259011084,1165.7932259011084,1165.7932259011084,1165.7932259011084,1165.7932259011084,1165.7932259011084,0.0,0.0,0.0,102146.77028865818
2023-01-02,100982.62266767913,82289.67990431827,118454.22611636843,100982.62266767913,100982.62266767913,-259.4883450092934,-259.4883450092934,-259.4883450092934,-259.4883450092934,-259.4883450092934,-259.4883450092934,0.0,0.0,0.0,100723.13432266984
2023-01-03,100984.2682726012,81994.74504998475,119403.18217419185,100984.2682726012,100984.2682726012,70.6287088388729,70.6287088388729,70.6287088388729,70.6287088388729,70.6287088388729,70.6287088388729,0.0,0.0,0.0,101054.89698144008
2023-01-04,100985.91387752326,82616.42077956839,119564.03484925399,100985.91387752326,100985.91387752326,176.94166484180553,176.94166484180553,176.94166484180553,176.94166484180553,176.94166484180553,176.94166484180553,0.0,0.0,0.0,101162.85554236507
2023-01-05,100987.55948244531,81035.15563347937,118545.19633347614,100987.55948244531,100987.55948244531,-668.9158422306865,-668.9158422306865,-668.9158422306865,-668.9158422306865,-668.9158422306865,-668.9158422306865,0.0,0.0,0.0,100318.64364021462
2023-01-06,100989.2050873674,83131.5447184955,119606.34428191873,100989.2050873674,100989.2050873674,332.09235682686744,332.09235682686744,332.09235682686744,332.09235682686744,332.09235682686744,332.09235682686744,0.0,0.0,0.0,101321.29744419426
2023-01-07,100990.85069228946,81259.05146699259,117881.45770561349,100990.85069228946,100990.85069228946,-817.0517691692557,-817.0517691692557,-817.0517691692557,-817.0517691692557,-817.0517691692557,-817.0517691692557,0.0,0.0,0.0,100173.79892312021
2023-01-08,100992.49629721152,84193.57655110343,120337.4489649504,100992.49629721152,100992.49629721152,1165.793225903251,1165.793225903251,1165.793225903251,1165.793225903251,1165.793225903251,1165.793225903251,0.0,0.0,0.0,102158.28952311477
2023-01-09,100994.14190213359,82223.77779580522,119451.20749923657,100994.14190213359,100994.14190213359,-259.4883450085701,-259.4883450085701,-259.4883450085701,-259.4883450085701,-259.4883450085701,-259.4883450085701,0.0,0.0,0.0,100734.65355712501
2023-01-10,100995.66725447048,81513.89540928253,120377.98809575001,100995.66725447048,100995.66725447048,70.62870883181253,70.62870883181253,70.62870883181253,70.62870883181253,70.62870883181253,70.62870883181253,0.0,0.0,0.0,101066.29596330228
2023-01-11,100997.19260680738,83069.12928467897,119532.61700802288,100997.19260680738,100997.19260680738,176.9416648484973,176.9416648484973,176.9416648484973,176.9416648484973,176.9416648484973,176.9416648484973,0.0,0.0,0.0,101174.13427165587
2023-01-12,100998.71795914427,82209.82220846789,118757.61053541476,100998.71795914427,100998.71795914427,-668.9158422364177,-668.9158422364177,-668.9158422364177,-668.9158422364177,-668.9158422364177,-668.9158422364177,0.0,0.0,0.0,100329.80211690786
2023-01-13,101000.24331148116,82708.71102028362,118853.22826338343,101000.24331148116,101000.24331148116,332.09235682502026,332.09235682502026,332.09235682502026,332.09235682502026,332.09235682502026,332.09235682502026,0.0,0.0,0.0,101332.33566830617
2023-01-14,101001.76866381807,81755.06353472968,118067.83529564523,101001.76866381807,101001.76866381807,-817.0517691688945,-817.0517691688945,-817.0517691688945,-817.0517691688945,-817.0517691688945,-817.0517691688945,0.0,0.0,0.0,100184.71689464919
2023-01-15,101003.29401615496,84029.35900958595,120279.7076241267,101003.29401615496,101003.29401615496,1165.7932259027511,1165.7932259027511,1165.7932259027511,1165.7932259027511,1165.7932259027511,1165.7932259027511,0.0,0.0,0.0,102169.08724205772
2023-01-16,101004.81936849187,82068.51756368569,118155.43862714991,101004.81936849187,101004.81936849187,-259.48834501065545,-259.48834501065545,-259.48834501065545,-259.48834501065545,-259.48834501065545,-259.48834501065545,0.0,0.0,0.0,100745.33102348121
2023-01-17,101006.34472082875,82314.02281052439,118728.58535819872,101006.34472082875,101006.34472082875,70.62870883616145,70.62870883616145,70.62870883616145,70.62870883616145,70.62870883616145,70.62870883616145,0.0,0.0,0.0,101076.97342966491
2023-01-18,101007.87007316564,83168.78073430207,118944.20400807,101007.87007316564,101007.87007316564,176.9416648498363,176.9416648498363,176.9416648498363,176.9416648498363,176.9416648498363,176.9416648498363,0.0,0.0,0.0,101184.81173801547
2023-01-19,101009.39542550256,81228.34158053,117446.42574641903,101009.39542550256,101009.39542550256,-668.915842233206,-668.915842233206,-668.915842233206,-668.915842233206,-668.915842233206,-668.915842233206,0.0,0.0,0.0,100340.47958326935
2023-01-20,101010.92077783945,82806.52049607415,118265.25156592378,101010.92077783945,101010.92077783945,332.09235682558284,332.09235682558284,332.09235682558284,332.09235682558284,332.09235682558284,332.09235682558284,0.0,0.0,0.0,101343.01313466503
2023-01-21,101012.44613017634,81984.08937533315,117906.83868074864,101012.44613017634,101012.44613017634,-817.0517691682754,-817.0517691682754,-817.0517691682754,-817.0517691682754,-817.0517691682754,-817.0517691682754,0.0,0.0,0.0,100195.39436100806
2023-01-22,101013.97148251324,84282.7450227088,120936.59828091486,101013.97148251324,101013.97148251324,1165.7932259022516,1165.7932259022516,1165.7932259022516,1165.7932259022516,1165.7932259022516,1165.7932259022516,0.0,0.0,0.0,102179.76470841549
2023-01-23,101015.49683485013,81624.7507879959,119309.3599627435,101015.49683485013,101015.49683485013,-259.48834500529995,-259.48834500529995,-259.48834500529995,-259.48834500529995,-259.48834500529995,-259.48834500529995,0.0,0.0,0.0,100756.00848984483
2023-01-24,101017.02218718703,82823.74860505198,119092.69434974143,101017.02218718703,101017.02218718703,70.62870884051036,70.62870884051036,70.62870884051036,70.62870884051036,70.62870884051036,70.62870884051036,0.0,0.0,0.0,101087.65089602754
2023-01-25,101018.54753952393,81923.22955968697,118971.9173159133,101018.54753952393,101018.54753952393,176.94166484552807,176.94166484552807,176.94166484552807,176.94166484552807,176.94166484552807,176.94166484552807,0.0,0.0,0.0,101195.48920436946
2023-01-26,101020.07289186082,82439.60369769543,118882.82747178666,101020.07289186082,101020.07289186082,-668.9158422344656,-668.9158422344656,-668.9158422344656,-668.9158422344656,-668.9158422344656,-668.9158422344656,0.0,0.0,0.0,100351.15704962636
2023-01-27,101021.59824419771,84760.54504785525,118053.86208513146,101021.59824419771,101021.59824419771,332.0923568236584,332.0923568236584,332.0923568236584,332.0923568236584,332.0923568236584,332.0923568236584,0.0,0.0,0.0,101353.69060102137
2023-01-28,101023.12359653461,81849.31522204344,118806.34584408368,101023.12359653461,101023.12359653461,-817.051769170452,-817.051769170452,-817.051769170452,-817.051769170452,-817.051769170452,-817.051769170452,0.0,0.0,0.0,100206.07182736415
2023-01-29,101024.64894887152,84233.63824521363,120367.65081848342,101024.64894887152,101024.64894887152,1165.7932259017518,1165.7932259017518,1165.7932259017518,1165.7932259017518,1165.7932259017518,1165.7932259017518,0.0,0.0,0.0,102190.44217477327
2023-01-30,101026.1743012084,81850.2537396874,117935.24351848983,101026.1743012084,101026.1743012084,-259.4883450092087,-259.4883450092087,-259.4883450092087,-259.4883450092087,-259.4883450092087,-259.4883450092087,0.0,0.0,0.0,100766.6859561992
2023-01-31,101027.6996535453,82578.323693625,119156.9792058808,101027.6996535453,101027.6996535453,70.62870883915464,70.62870883915464,70.62870883915464,70.62870883915464,70.62870883915464,70.62870883915464,0.0,0.0,0.0,101098.32836238446
2023-02-01,101029.2250058822,83819.78981750621,120341.66403499404,101029.2250058822,101029.2250058822,176.94166484657254,176.94166484657254,176.94166484657254,176.94166484657254,176.94166484657254,176.94166484657254,0.0,0.0,0.0,101206.16667072877
2023-02-02,101030.74652855142,81885.68806436763,117929.84245881572,101030.74652855142,101030.74652855142,-668.9158422357254,-668.9158422357254,-668.9158422357254,-668.9158422357254,-668.9158422357254,-668.9158422357254,0.0,0.0,0.0,100361.83068631569
2023-02-03,101032.26805122064,82704.42923089191,119044.90273535147,101032.26805122064,101032.26805122064,332.09235682663075,332.09235682663075,332.09235682663075,332.09235682663075,332.09235682663075,332.09235682663075,0.0,0.0,0.0,101364.36040804727
2023-02-04,101033.78957388988,80962.61710634961,119677.92610378114,101033.78957388988,101033.78957388988,-817.0517691698327,-817.0517691698327,-817.0517691698327,-817.0517691698327,-817.0517691698327,-817.0517691698327,0.0,0.0,0.0,100216.73780472005
2023-02-05,101035.3110965591,85533.20196900947,121307.51884312271,101035.3110965591,101035.3110965591,1165.7932259038942,1165.7932259038942,1165.7932259038942,1165.7932259038942,1165.7932259038942,1165.7932259038942,0.0,0.0,0.0,102201.104322463
2023-02-06,101036.83261922834,80944.4941494953,119308.34906266011,101036.83261922834,101036.83261922834,-259.48834500848534,-259.48834500848534,-259.48834500848534,-259.48834500848534,-259.48834500848534,-259.48834500848534,0.0,0.0,0.0,100777.34427421985
2023-02-07,101038.35414189758,82040.95957664303,117469.23173862623,101038.35414189758,101038.35414189758,70.62870884381816,70.62870884381816,70.62870884381816,70.62870884381816,70.62870884381816,70.62870884381816,0.0,0.0,0.0,101108.98285074139
2023-02-08,101039.8756645668,83754.7898087785,119749.5738747108,101039.8756645668,101039.8756645668,176.9416648422643,176.9416648422643,176.9416648422643,176.9416648422643,176.9416648422643,176.9416648422643,0.0,0.0,0.0,101216.81732940907
2023-02-09,101041.39718723604,81554.90701743084,118436.52005615766,101041.39718723604,101041.39718723604,-668.9158422369851,-668.9158422369851,-668.9158422369851,-668.9158422369851,-668.9158422369851,-668.9158422369851,0.0,0.0,0.0,100372.48134499906
2023-02-10,101042.91870990527,83408.55796597822,120414.65439322451,101042.91870990527,101042.91870990527,332.0923568247835,332.0923568247835,332.0923568247835,332.0923568247835,332.0923568247835,332.0923568247835,0.0,0.0,0.0,101375.01106673005
2023-02-11,101044.4402325745,81010.72088161876,120209.53993589738,101044.4402325745,101044.4402325745,-817.0517691694716,-817.0517691694716,-817.0517691694716,-817.0517691694716,-817.0517691694716,-817.0517691694716,0.0,0.0,0.0,100227.38846340503
2023-02-12,101045.96175524374,84774.01148580416,119378.88099742617,101045.96175524374,101045.96175524374,1165.793225902834,1165.793225902834,1165.793225902834,1165.793225902834,1165.793225902834,1165.793225902834,0.0,0.0,0.0,102211.75498114657
2023-02-13,101047.48327791296,82798.64764671812,119337.70797089902,101047.48327791296,101047.48327791296,-259.488345007762,-259.488345007762,-259.488345007762,-259.488345007762,-259.488345007762,-259.488345007762,0.0,0.0,0.0,100787.9949329052
2023-02-14,101049.0048005822,83583.04580354599,119507.42711068896,101049.0048005822,101049.0048005822,70.6287088310532,70.6287088310532,70.6287088310532,70.6287088310532,70.6287088310532,70.6287088310532,0.0,0.0,0.0,101119.63350941325
2023-02-15,101050.52632325143,82244.17324969597,120789.8544978107,101050.52632325143,101050.52632325143,176.94166484925051,176.94166484925051,176.94166484925051,176.94166484925051,176.94166484925051,176.94166484925051,0.0,0.0,0.0,101227.46798810067
2023-02-16,101052.04784592066,82554.49543873344,118616.53805020619,101052.04784592066,101052.04784592066,-668.9158422337736,-668.9158422337736,-668.9158422337736,-668.9158422337736,-668.9158422337736,-668.9158422337736,0.0,0.0,0.0,100383.13200368689
2023-02-17,101053.56936858989,81646.9310224563,118586.22599351914,101053.56936858989,101053.56936858989,332.09235682534614,332.09235682534614,332.09235682534614,332.09235682534614,332.09235682534614,332.09235682534614,0.0,0.0,0.0,101385.66172541524
2023-02-18,101055.09089125913,80549.49905834894,118480.63846387879,101055.09089125913,101055.09089125913,-817.0517691691105,-817.0517691691105,-817.0517691691105,-817.0517691691105,-817.0517691691105,-817.0517691691105,0.0,0.0,0.0,100238.03912209002
2023-02-19,101056.61241392836,84465.08583238549,121798.36955911163,101056.61241392836,101056.61241392836,1165.7932259049765,1165.7932259049765,1165.7932259049765,1165.7932259049765,1165.7932259049765,1165.7932259049765,0.0,0.0,0.0,102222.40563983333
2023-02-20,101058.13393659759,82009.22088353742,119673.29608910586,101058.13393659759,101058.13393659759,-259.4883450070385,-259.4883450070385,-259.4883450070385,-259.4883450070385,-259.4883450070385,-259.4883450070385,0.0,0.0,0.0,100798.64559159055
2023-02-21,101059.65545926683,82597.7248118542,118833.00148371373,101059.65545926683,101059.65545926683,70.62870883540212,70.62870883540212,70.62870883540212,70.62870883540212,70.62870883540212,70.62870883540212,0.0,0.0,0.0,101130.28416810223
2023-02-22,101061.17698193605,83545.92747323768,119074.3908426564,101061.17698193605,101061.17698193605,176.9416648449423,176.9416648449423,176.9416648449423,176.9416648449423,176.9416648449423,176.9416648449423,0.0,0.0,0.0,101238.11864678099
2023-02-23,101062.69850460529,82562.6166709131,117791.10151765586,101062.69850460529,101062.69850460529,-668.9158422337011,-668.9158422337011,-668.9158422337011,-668.9158422337011,-668.9158422337011,-668.9158422337011,0.0,0.0,0.0,100393.78266237158
2023-02-24,101064.22002727452,83012.33924187394,119954.70014809546,101064.22002727452,101064.22002727452,332.0923568258315,332.0923568258315,332.0923568258315,332.0923568258315,332.0923568258315,332.0923568258315,0.0,0.0,0.0,101396.31238410035
2023-02-25,101065.74154994375,82595.64082172117,118727.22345050235,101065.74154994375,101065.74154994375,-817.0517691684914,-817.0517691684914,-817.0517691684914,-817.0517691684914,-817.0517691684914,-817.0517691684914,0.0,0.0,0.0,100248.68978077525
2023-02-26,101067.22492176006,82980.6930019486,119755.10916498992,101067.22492176006,101067.22492176006,1165.7932259018346,1165.7932259018346,1165.7932259018346,1165.7932259018346,1165.7932259018346,1165.7932259018346,0.0,0.0,0.0,102233.0181476619
2023-02-27,101068.70829357639,82423.26392584678,118591.92456525138,101068.70829357639,101068.70829357639,-259.4883450109473,-259.4883450109473,-259.4883450109473,-259.4883450109473,-259.4883450109473,-259.4883450109473,0.0,0.0,0.0,100809.21994856544
2023-02-28,101070.19166539272,82129.04074119385,117890.74978798561,101070.19166539272,101070.19166539272,70.62870883436094,70.62870883436094,70.62870883436094,70.62870883436094,70.62870883436094,70.62870883436094,0.0,0.0,0.0,101140.82037422709
2023-03-01,101071.67503720903,82322.51523730639,118797.58030019813,101071.67503720903,101071.67503720903,176.94166484063408,176.94166484063408,176.94166484063408,176.94166484063408,176.94166484063408,176.94166484063408,0.0,0.0,0.0,101248.61670204967
2023-03-02,101073.15840902535,82497.76157878625,119619.82312084055,101073.15840902535,101073.15840902535,-668.9158422304895,-668.9158422304895,-668.9158422304895,-668.9158422304895,-668.9158422304895,-668.9158422304895,0.0,0.0,0.0,100404.24256679486
2023-03-03,101074.64178084166,82852.05253810184,120268.75372120187,101074.64178084166,101074.64178084166,332.09235682639417,332.09235682639417,332.09235682639417,332.09235682639417,332.09235682639417,332.09235682639417,0.0,0.0,0.0,101406.73413766806
2023-03-04,101076.12515265799,80851.5783190445,118108.42397832198,101076.12515265799,101076.12515265799,-817.0517691681302,-817.0517691681302,-817.0517691681302,-817.0517691681302,-817.0517691681302,-817.0517691681302,0.0,0.0,0.0,100259.07338348986
2023-03-05,101077.6085244743,83083.98770433746,121236.08267070101,101077.6085244743,101077.6085244743,1165.7932259039774,1165.7932259039774,1165.7932259039774,1165.7932259039774,1165.7932259039774,1165.7932259039774,0.0,0.0,0.0,102243.40175037828
2023-03-06,101079.09189629063,82599.81497300316,120191.30046220486,101079.09189629063,101079.09189629063,-259.48834500840053,-259.48834500840053,-259.48834500840053,-259.48834500840053,-259.48834500840053,-259.48834500840053,0.0,0.0,0.0,100819.60355128223
2023-03-07,101080.57526810694,83101.0198022392,119197.29269069305,101080.57526810694,101080.57526810694,70.6287088387099,70.6287088387099,70.6287088387099,70.6287088387099,70.6287088387099,70.6287088387099,0.0,0.0,0.0,101151.20397694565
2023-03-08,101082.05863992327,82428.33695627983,119125.27112914209,101082.05863992327,101082.05863992327,176.94166484762042,176.94166484762042,176.94166484762042,176.94166484762042,176.94166484762042,176.94166484762042,0.0,0.0,0.0,101259.00030477089
2023-03-09,101083.54201173958,81123.57478127103,118917.70481614198,101083.54201173958,101083.54201173958,-668.9158422362206,-668.9158422362206,-668.9158422362206,-668.9158422362206,-668.9158422362206,-668.9158422362206,0.0,0.0,0.0,100414.62616950336
2023-03-10,101085.0253835559,83358.92063318707,118665.25011872822,101085.0253835559,101085.0253835559,332.0923568269567,332.0923568269567,332.0923568269567,332.0923568269567,332.0923568269567,332.0923568269567,0.0,0.0,0.0,101417.11774038285
2023-03-11,101086.50875537223,82373.16834698184,117846.77375031743,101086.50875537223,101086.50875537223,-817.0517691701777,-817.0517691701777,-817.0517691701777,-817.0517691701777,-817.0517691701777,-817.0517691701777,0.0,0.0,0.0,100269.45698620204
2023-03-12,101087.99212718854,82630.80920731348,120818.39462252022,101087.99212718854,101087.99212718854,1165.7932259061197,1165.7932259061197,1165.7932259061197,1165.7932259061197,1165.7932259061197,1165.7932259061197,0.0,0.0,0.0,102253.78535309466
2023-03-13,101089.47549900487,81703.36905129514,118292.2385249704,101089.47549900487,101089.47549900487,-259.48834500767714,-259.48834500767714,-259.48834500767714,-259.48834500767714,-259.48834500767714,-259.48834500767714,0.0,0.0,0.0,100829.9871539972
2023-03-14,101090.95887082118,82644.80565059584,119012.13453750595,101090.95887082118,101090.95887082118,70.62870883735413,70.62870883735413,70.62870883735413,70.62870883735413,70.62870883735413,70.62870883735413,0.0,0.0,0.0,101161.58757965853
2023-03-15,101092.4422426375,84606.51002871346,119759.58499240753,101092.4422426375,101092.4422426375,176.9416648433122,176.9416648433122,176.9416648433122,176.9416648433122,176.9416648433122,176.9416648433122,0.0,0.0,0.0,101269.3839074808
2023-03-16,101093.92561445381,82994.06386217548,119199.03891908054,101093.92561445381,101093.92561445381,-668.915842233009,-668.915842233009,-668.915842233009,-668.915842233009,-668.915842233009,-668.915842233009,0.0,0.0,0.0,100425.0097722208
2023-03-17,101095.40898627014,82422.95567936504,119998.78016461899,101095.40898627014,101095.40898627014,332.0923568275193,332.0923568275193,332.0923568275193,332.0923568275193,332.0923568275193,332.0923568275193,0.0,0.0,0.0,101427.50134309765
2023-03-18,101096.89235808646,83402.59660246012,118412.5347467105,101096.89235808646,101096.89235808646,-817.0517691698166,-817.0517691698166,-817.0517691698166,-817.0517691698166,-817.0517691698166,-817.0517691698166,0.0,0.0,0.0,100279.84058891665
2023-03-19,101098.37572990278,85023.19123366883,120635.13981537406,101098.37572990278,101098.37572990278,1165.7932259029778,1165.7932259029778,1165.7932259029778,1165.7932259029778,1165.7932259029778,1165.7932259029778,0.0,0.0,0.0,102264.16895580576
2023-03-20,101099.85910171909,82209.90685160834,119189.71387641769,101099.85910171909,101099.85910171909,-259.4883450023216,-259.4883450023216,-259.4883450023216,-259.4883450023216,-259.4883450023216,-259.4883450023216,0.0,0.0,0.0,100840.37075671677
2023-03-21,101101.11051078717,83242.78416038658,119011.85438869096,101101.11051078717,101101.11051078717,70.6287088359984,70.6287088359984,70.6287088359984,70.6287088359984,70.6287088359984,70.6287088359984,0.0,0.0,0.0,101171.73921962317
2023-03-22,101102.36191985523,82752.46300404948,120734.33286731165,101102.36191985523,101102.36191985523,176.94166484435664,176.94166484435664,176.94166484435664,176.94166484435664,176.94166484435664,176.94166484435664,0.0,0.0,0.0,101279.30358469959
2023-03-23,101103.61332892331,83837.80074422424,119205.08006318544,101103.61332892331,101103.61332892331,-668.9158422297974,-668.9158422297974,-668.9158422297974,-668.9158422297974,-668.9158422297974,-668.9158422297974,0.0,0.0,0.0,100434.69748669352
2023-03-24,101104.86473799139,81627.1254133728,119426.19954088054,101104.86473799139,101104.86473799139,332.092356825672,332.092356825672,332.092356825672,332.092356825672,332.092356825672,332.092356825672,0.0,0.0,0.0,101436.95709481706
2023-03-25,101106.11614705945,80266.77328689709,117734.13737314139,101106.11614705945,101106.11614705945,-817.0517691693265,-817.0517691693265,-817.0517691693265,-817.0517691693265,-817.0517691693265,-817.0517691693265,0.0,0.0,0.0,100289.06437789013
2023-03-26,101107.36755612753,84876.84007041634,120404.31292347304,101107.36755612753,101107.36755612753,1165.7932259051204,1165.7932259051204,1165.7932259051204,1165.7932259051204,1165.7932259051204,1165.7932259051204,0.0,0.0,0.0,102273.16078203265
2023-03-27,101108.61896519561,82778.52666322945,119835.61814611823,101108.61896519561,101108.61896519561,-259.488345004407,-259.488345004407,-259.488345004407,-259.488345004407,-259.488345004407,-259.488345004407,0.0,0.0,0.0,100849.13062019121
2023-03-28,101109.87037426369,82894.47421185164,119943.93847858233,101109.87037426369,101109.87037426369,70.62870883464268,70.62870883464268,70.62870883464268,70.62870883464268,70.62870883464268,70.62870883464268,0.0,0.0,0.0,101180.49908309833
2023-03-29,101111.12178333175,82301.48945089214,120277.80278263858,101111.12178333175,101111.12178333175,176.94166484004842,176.94166484004842,176.94166484004842,176.94166484004842,176.94166484004842,176.94166484004842,0.0,0.0,0.0,101288.0634481718
2023-03-30,101112.37319239983,81714.154089537,117645.58065504706,101112.37319239983,101112.37319239983,-668.9158422341964,-668.9158422341964,-668.9158422341964,-668.9158422341964,-668.9158422341964,-668.9158422341964,0.0,0.0,0.0,100443.45735016563
2023-03-31,101113.62460146789,83969.66222299394,118420.69093564728,101113.62460146789,101113.62460146789,332.09235682864454,332.09235682864454,332.09235682864454,332.09235682864454,332.09235682864454,332.09235682864454,0.0,0.0,0.0,101445.71695829653
2023-04-01,101114.87601053595,82563.28108292392,119396.20062682978,101114.87601053595,101114.87601053595,-817.0517691688364,-817.0517691688364,-817.0517691688364,-817.0517691688364,-817.0517691688364,-817.0517691688364,0.0,0.0,0.0,100297.82424136713
2023-04-02,101116.12741960403,83532.97265206078,119624.60202069981,101116.12741960403,101116.12741960403,1165.79322590406,1165.79322590406,1165.79322590406,1165.79322590406,1165.79322590406,1165.79322590406,0.0,0.0,0.0,102281.92064550809
2023-04-03,101117.37882867211,83407.01569875072,119460.45246905311,101117.37882867211,101117.37882867211,-259.4883450036836,-259.4883450036836,-259.4883450036836,-259.4883450036836,-259.4883450036836,-259.4883450036836,0.0,0.0,0.0,100857.89048366842
2023-04-04,101118.63023774017,83303.81555298249,120441.28347625656,101118.63023774017,101118.63023774017,70.62870883899153,70.62870883899153,70.62870883899153,70.62870883899153,70.62870883899153,70.62870883899153,0.0,0.0,0.0,101189.25894657917
2023-04-05,101119.88164680825,82336.7257422078,119347.49038950309,101119.88164680825,101119.88164680825,176.94166484138748,176.94166484138748,176.94166484138748,176.94166484138748,176.94166484138748,176.94166484138748,0.0,0.0,0.0,101296.82331164964
2023-04-06,101121.13305587633,83306.90520649115,118027.75474753103,101121.13305587633,101121.13305587633,-668.9158422309847,-668.9158422309847,-668.9158422309847,-668.9158422309847,-668.9158422309847,-668.9158422309847,0.0,0.0,0.0,100452.21721364534
2023-04-07,101122.38446494439,82466.45756025233,119155.21234575719,101122.38446494439,101122.38446494439,332.09235682672005,332.09235682672005,332.09235682672005,332.09235682672005,332.09235682672005,332.09235682672005,0.0,0.0,0.0,101454.47682177111
2023-04-08,101123.63587401247,81355.94037404831,118775.35080150612,101123.63587401247,101123.63587401247,-817.0517691683463,-817.0517691683463,-817.0517691683463,-817.0517691683463,-817.0517691683463,-817.0517691683463,0.0,0.0,0.0,100306.58410484412
2023-04-09,101124.88728308055,83466.343935635,120263.46768270266,101124.88728308055,101124.88728308055,1165.7932259035604,1165.7932259035604,1165.7932259035604,1165.7932259035604,1165.7932259035604,1165.7932259035604,0.0,0.0,0.0,102290.68050898411
2023-04-10,101126.13869214861,83299.31765004301,120209.62972309468,101126.13869214861,101126.13869214861,-259.4883450075924,-259.4883450075924,-259.4883450075924,-259.4883450075924,-259.4883450075924,-259.4883450075924,0.0,0.0,0.0,100866.65034714103
2023-04-11,101127.39010121669,83299.40589504241,120016.35615497454,101127.39010121669,101127.39010121669,70.62870883193122,70.62870883193122,70.62870883193122,70.62870883193122,70.62870883193122,70.62870883193122,0.0,0.0,0.0,101198.01881004863
2023-04-12,101128.64151028477,83192.17482038075,118965.82606240487,101128.64151028477,101128.64151028477,176.94166484272642,176.94166484272642,176.94166484272642,176.94166484272642,176.94166484272642,176.94166484272642,0.0,0.0,0.0,101305.5831751275
2023-04-13,101129.79592450074,82024.9589176551,119376.23280413392,101129.79592450074,101129.79592450074,-668.9158422367158,-668.9158422367158,-668.9158422367158,-668.9158422367158,-668.9158422367158,-668.9158422367158,0.0,0.0,0.0,100460.88008226402
2023-04-14,101130.95033871672,81669.88485587259,119579.84781260896,101130.95033871672,101130.95033871672,332.0923568272827,332.0923568272827,332.0923568272827,332.0923568272827,332.0923568272827,332.0923568272827,0.0,0.0,0.0,101463.042695544
2023-04-15,101132.1047529327,82684.3222499014,119364.68039197089,101132.1047529327,101132.1047529327,-817.0517691679851,-817.0517691679851,-817.0517691679851,-817.0517691679851,-817.0517691679851,-817.0517691679851,0.0,0.0,0.0,100315.05298376472
2023-04-16,101133.25916714867,83881.96654657059,121633.24310633828,101133.25916714867,101133.25916714867,1165.7932259030606,1165.7932259030606,1165.7932259030606,1165.7932259030606,1165.7932259030606,1165.7932259030606,0.0,0.0,0.0,102299.05239305174
2023-04-17,101134.41358136466,82854.11341590174,120311.83785857874,101134.41358136466,101134.41358136466,-259.4883450115011,-259.4883450115011,-259.4883450115011,-259.4883450115011,-259.4883450115011,-259.4883450115011,0.0,0.0,0.0,100874.92523635316
2023-04-18,101135.56799558063,82630.52582169342,119634.3816178523,101135.56799558063,101135.56799558063,70.62870883659474,70.62870883659474,70.62870883659474,70.62870883659474,70.62870883659474,70.62870883659474,0.0,0.0,0.0,101206.19670441722
2023-04-19,101136.72240979661,82537.95198694596,119060.60935688083,101136.72240979661,101136.72240979661,176.94166484406543,176.94166484406543,176.94166484406543,176.94166484406543,176.94166484406543,176.94166484406543,0.0,0.0,0.0,101313.66407464068
2023-04-20,101137.87682401258,81572.89644371682,118541.82570540205,101137.87682401258,101137.87682401258,-668.9158422335042,-668.9158422335042,-668.9158422335042,-668.9158422335042,-668.9158422335042,-668.9158422335042,0.0,0.0,0.0,100468.96098177908
2023-04-21,101139.03123822856,83270.30437154249,118536.59601127647,101139.03123822856,101139.03123822856,332.09235682543544,332.09235682543544,332.09235682543544,332.09235682543544,332.09235682543544,332.09235682543544,0.0,0.0,0.0,101471.123595054
2023-04-22,101140.18565244455,82700.20206963137,118089.3691765476,101140.18565244455,101140.18565244455,-817.0517691673659,-817.0517691673659,-817.0517691673659,-817.0517691673659,-817.0517691673659,-817.0517691673659,0.0,0.0,0.0,100323.13388327719
2023-04-23,101141.34006666052,85061.9817241814,119227.16005548525,101141.34006666052,101141.34006666052,1165.7932259020004,1165.7932259020004,1165.7932259020004,1165.7932259020004,1165.7932259020004,1165.7932259020004,0.0,0.0,0.0,102307.13329256252
2023-04-24,101142.4944808765,82260.77735718433,119591.99084044357,101142.4944808765,101142.4944808765,-259.4883450061456,-259.4883450061456,-259.4883450061456,-259.4883450061456,-259.4883450061456,-259.4883450061456,0.0,0.0,0.0,100883.00613587035
2023-04-25,101143.64889509247,83436.57472437416,118668.60519007855,101143.64889509247,101143.64889509247,70.62870883523907,70.62870883523907,70.62870883523907,70.62870883523907,70.62870883523907,70.62870883523907,0.0,0.0,0.0,101214.27760392771
2023-04-26,101144.80330930845,83458.43513887233,119219.305642459,101144.80330930845,101144.80330930845,176.94166484511,176.94166484511,176.94166484511,176.94166484511,176.94166484511,176.94166484511,0.0,0.0,0.0,101321.74497415357
2023-04-27,101145.95772352444,83615.63208617085,118355.71995026291,101145.95772352444,101145.95772352444,-668.915842234764,-668.915842234764,-668.915842234764,-668.915842234764,-668.915842234764,-668.915842234764,0.0,0.0,0.0,100477.04188128967
2023-04-28,101147.1121377404,82149.36602489914,119572.29206081698,101147.1121377404,101147.1121377404,332.09235682358815,332.09235682358815,332.09235682358815,332.09235682358815,332.09235682358815,332.09235682358815,0.0,0.0,0.0,101479.204494564
2023-04-29,101148.26655195639,81851.96070213888,119211.3606464663,101148.26655195639,101148.26655195639,-817.0517691695425,-817.0517691695425,-817.0517691695425,-817.0517691695425,-817.0517691695425,-817.0517691695425,0.0,0.0,0.0,100331.21478278685
2023-04-30,101149.42096617236,85228.83333785078,120793.83057196465,101149.42096617236,101149.42096617236,1165.7932259015008,1165.7932259015008,1165.7932259015008,1165.7932259015008,1165.7932259015008,1165.7932259015008,0.0,0.0,0.0,102315.21419207386
2023-05-01,101150.57538038834,83536.35232722398,120116.57780640465,101150.57538038834,101150.57538038834,-259.4883450100544,-259.4883450100544,-259.4883450100544,-259.4883450100544,-259.4883450100544,-259.4883450100544,0.0,0.0,0.0,100891.08703537828
2023-05-02,101151.72979460431,82221.95266789933,118926.63975782857,101151.72979460431,101151.72979460431,70.62870883958793,70.62870883958793,70.62870883958793,70.62870883958793,70.62870883958793,70.62870883958793,0.0,0.0,0.0,101222.3585034439
2023-05-03,101152.8842088203,83288.9797625897,120163.46737941692,101152.8842088203,101152.8842088203,176.94166484644896,176.94166484644896,176.94166484644896,176.94166484644896,176.94166484644896,176.94166484644896,0.0,0.0,0.0,101329.82587366675
2023-05-04,101154.03862303628,82594.17143080538,117748.57108491745,101154.03862303628,101154.03862303628,-668.9158422346916,-668.9158422346916,-668.9158422346916,-668.9158422346916,-668.9158422346916,-668.9158422346916,0.0,0.0,0.0,100485.12278080158
2023-05-05,101155.19303725225,83143.43243224054,119185.95062855854,101155.19303725225,101155.19303725225,332.09235682656055,332.09235682656055,332.09235682656055,332.09235682656055,332.09235682656055,332.09235682656055,0.0,0.0,0.0,101487.2853940788
2023-05-06,101156.34745146823,82896.80059691603,118970.60772102153,101156.34745146823,101156.34745146823,-817.0517691690522,-817.0517691690522,-817.0517691690522,-817.0517691690522,-817.0517691690522,-817.0517691690522,0.0,0.0,0.0,100339.29568229918
2023-05-07,101155.10152636438,85176.81906527218,120172.7709001326,101155.10152636438,101155.10152636438,1165.7932259036431,1165.7932259036431,1165.7932259036431,1165.7932259036431,1165.7932259036431,1165.7932259036431,0.0,0.0,0.0,102320.89475226802
2023-05-08,101153.85560126053,82888.53626497187,120134.04871317904,101153.85560126053,101153.85560126053,-259.488345009331,-259.488345009331,-259.488345009331,-259.488345009331,-259.488345009331,-259.488345009331,0.0,0.0,0.0,100894.3672562512
2023-05-09,101152.60967615666,82970.69812238633,118782.01948572758,101152.60967615666,101152.60967615666,70.62870884393672,70.62870884393672,70.62870884393672,70.62870884393672,70.62870884393672,70.62870884393672,0.0,0.0,0.0,101223.2383850006
2023-05-10,101151.3637510528,83909.8162195565,120108.06212283394,101151.3637510528,101151.3637510528,176.94166484214077,176.94166484214077,176.94166484214077,176.94166484214077,176.94166484214077,176.94166484214077,0.0,0.0,0.0,101328.30541589495
2023-05-11,101150.11782594895,82433.92180276405,118461.12349611166,101150.11782594895,101150.11782594895,-668.9158422359512,-668.9158422359512,-668.9158422359512,-668.9158422359512,-668.9158422359512,-668.9158422359512,0.0,0.0,0.0,100481.201983713
2023-05-12,101148.8719008451,82326.07308264791,119288.08938939404,101148.8719008451,101148.8719008451,332.09235682471336,332.09235682471336,332.09235682471336,332.09235682471336,332.09235682471336,332.09235682471336,0.0,0.0,0.0,101480.96425766981
2023-05-13,101147.62597574125,80775.04277599425,119818.32310934996,101147.62597574125,101147.62597574125,-817.0517691685623,-817.0517691685623,-817.0517691685623,-817.0517691685623,-817.0517691685623,-817.0517691685623,0.0,0.0,0.0,100330.57420657268
2023-05-14,101146.3800506374,83828.62395775967,120509.6057289456,101146.3800506374,101146.3800506374,1165.7932259031436,1165.7932259031436,1165.7932259031436,1165.7932259031436,1165.7932259031436,1165.7932259031436,0.0,0.0,0.0,102312.17327654053
2023-05-15,101145.13412553354,82696.17312715517,118905.49262050196,101145.13412553354,101145.13412553354,-259.48834500678424,-259.48834500678424,-259.48834500678424,-259.48834500678424,-259.48834500678424,-259.48834500678424,0.0,0.0,0.0,100885.64578052676
2023-05-16,101143.88820042969,84341.73283660726,119999.28387282614,101143.88820042969,101143.88820042969,70.62870883687643,70.62870883687643,70.62870883687643,70.62870883687643,70.62870883687643,70.62870883687643,0.0,0.0,0.0,101214.51690926656
2023-05-17,101142.64227532584,83800.33774564296,118336.45406503296,101142.64227532584,101142.64227532584,176.94166484912708,176.94166484912708,176.94166484912708,176.94166484912708,176.94166484912708,176.94166484912708,0.0,0.0,0.0,101319.58394017497
2023-05-18,101141.39635022198,81702.8320777679,118678.99644301375,101141.39635022198,101141.39635022198,-668.9158422327397,-668.9158422327397,-668.9158422327397,-668.9158422327397,-668.9158422327397,-668.9158422327397,0.0,0.0,0.0,100472.48050798924
2023-05-19,101140.1504251181,82274.22536869204,119219.29008821052,101140.1504251181,101140.1504251181,332.0923568252759,332.0923568252759,332.0923568252759,332.0923568252759,332.0923568252759,332.0923568252759,0.0,0.0,0.0,101472.24278194338
2023-05-20,101138.90450001425,81272.03780785225,118784.77055271431,101138.90450001425,101138.90450001425,-817.0517691706096,-817.0517691706096,-817.0517691706096,-817.0517691706096,-817.0517691706096,-817.0517691706096,0.0,0.0,0.0,100321.85273084365
2023-05-21,101137.6585749104,83727.99633642963,120049.5899318108,101137.6585749104,101137.6585749104,1165.7932259052861,1165.7932259052861,1165.7932259052861,1165.7932259052861,1165.7932259052861,1165.7932259052861,0.0,0.0,0.0,102303.45180081569
2023-05-22,101136.41264980655,82547.91669062413,120055.11708127032,101136.41264980655,101136.41264980655,-259.48834500606085,-259.48834500606085,-259.48834500606085,-259.48834500606085,-259.48834500606085,-259.48834500606085,0.0,0.0,0.0,100876.92430480049
2023-05-23,101135.16672470269,83468.9406209224,120822.37120555308,101135.16672470269,101135.16672470269,70.62870884122533,70.62870884122533,70.62870884122533,70.62870884122533,70.62870884122533,70.62870884122533,0.0,0.0,0.0,101205.79543354391
2023-05-24,101133.92079959884,80901.45472592511,119891.49771054585,101133.92079959884,101133.92079959884,176.94166484481883,176.94166484481883,176.94166484481883,176.94166484481883,176.94166484481883,176.94166484481883,0.0,0.0,0.0,101310.86246444366
2023-05-25,101132.67487449499,81823.76815085606,119429.95300697148,101132.67487449499,101132.67487449499,-668.9158422339995,-668.9158422339995,-668.9158422339995,-668.9158422339995,-668.9158422339995,-668.9158422339995,0.0,0.0,0.0,100463.75903226099
2023-05-26,101131.42894939113,83586.38573837196,120170.92273030315,101131.42894939113,101131.42894939113,332.0923568257613,332.0923568257613,332.0923568257613,332.0923568257613,332.0923568257613,332.0923568257613,0.0,0.0,0.0,101463.52130621689
2023-05-27,101130.18302428728,81550.28190559369,120012.66964592486,101130.18302428728,101130.18302428728,-817.0517691701195,-817.0517691701195,-817.0517691701195,-817.0517691701195,-817.0517691701195,-817.0517691701195,0.0,0.0,0.0,100313.13125511716
2023-05-28,101128.93709918341,84213.36327892833,120617.07701683432,101128.93709918341,101128.93709918341,1165.7932259021443,1165.7932259021443,1165.7932259021443,1165.7932259021443,1165.7932259021443,1165.7932259021443,0.0,0.0,0.0,102294.73032508556
2023-05-29,101127.69117407958,82505.98656514395,119489.65030140497,101127.69117407958,101127.69117407958,-259.4883450099696,-259.4883450099696,-259.4883450099696,-259.4883450099696,-259.4883450099696,-259.4883450099696,0.0,0.0,0.0,100868.2028290696
2023-05-30,101121.41447851367,82154.32742842738,119705.95259690913,101121.41447851367,101121.41447851367,70.62870883447962,70.62870883447962,70.62870883447962,70.62870883447962,70.62870883447962,70.62870883447962,0.0,0.0,0.0,101192.04318734816
2023-05-31,101115.13778294776,84629.78754755037,118612.62524262098,101115.13778294776,101115.13778294776,176.94166484586324,176.94166484586324,176.94166484586324,176.94166484586324,176.94166484586324,176.94166484586324,0.0,0.0,0.0,101292.07944779361
2023-06-01,101108.86108738184,81973.45559184236,118398.88503972787,101108.86108738184,101108.86108738184,-668.9158422307878,-668.9158422307878,-668.9158422307878,-668.9158422307878,-668.9158422307878,-668.9158422307878,0.0,0.0,0.0,100439.94524515106
2023-06-02,101102.58439181594,84061.47579881868,120870.70943855171,101102.58439181594,101102.58439181594,332.09235682632396,332.09235682632396,332.09235682632396,332.09235682632396,332.09235682632396,332.09235682632396,0.0,0.0,0.0,101434.67674864226
2023-06-03,101096.30769625002,81517.50776163072,118747.41319126156,101096.30769625002,101096.30769625002,-817.0517691696296,-817.0517691696296,-817.0517691696296,-817.0517691696296,-817.0517691696296,-817.0517691696296,0.0,0.0,0.0,100279.25592708039
2023-06-04,101090.0310006841,83968.16251259355,121060.38259328213,101090.0310006841,101090.0310006841,1165.7932259042868,1165.7932259042868,1165.7932259042868,1165.7932259042868,1165.7932259042868,1165.7932259042868,0.0,0.0,0.0,102255.82422658839
2023-06-05,101083.7543051182,82390.99612214419,118479.89677175757,101083.7543051182,101083.7543051182,-259.4883450092462,-259.4883450092462,-259.4883450092462,-259.4883450092462,-259.4883450092462,-259.4883450092462,0.0,0.0,0.0,100824.26596010895
2023-06-06,101077.47760955228,82705.8795301221,119835.58911021045,101077.47760955228,101077.47760955228,70.62870883882854,70.62870883882854,70.62870883882854,70.62870883882854,70.62870883882854,70.62870883882854,0.0,0.0,0.0,101148.10631839112
2023-06-07,101071.20091398638,82670.51597924806,118634.85446875244,101071.20091398638,101071.20091398638,176.94166484720222,176.94166484720222,176.94166484720222,176.94166484720222,176.94166484720222,176.94166484720222,0.0,0.0,0.0,101248.14257883358
2023-06-08,101064.92421842046,83801.46285897649,119502.54559124784,101064.92421842046,101064.92421842046,-668.9158422365189,-668.9158422365189,-668.9158422365189,-668.9158422365189,-668.9158422365189,-668.9158422365189,0.0,0.0,0.0,100396.00837618395
2023-06-09,101058.64752285455,82520.13329456787,118716.32920598009,101058.64752285455,101058.64752285455,332.0923568268865,332.0923568268865,332.0923568268865,332.0923568268865,332.0923568268865,332.0923568268865,0.0,0.0,0.0,101390.73987968144
2023-06-10,101052.37082728864,81789.25829284516,118385.93903461649,101052.37082728864,101052.37082728864,-817.0517691692684,-817.0517691692684,-817.0517691692684,-817.0517691692684,-817.0517691692684,-817.0517691692684,0.0,0.0,0.0,100235.31905811938
2023-06-11,101046.09413172273,83648.28229758223,119693.4506531846,101046.09413172273,101046.09413172273,1165.7932259032264,1165.7932259032264,1165.7932259032264,1165.7932259032264,1165.7932259032264,1165.7932259032264,0.0,0.0,0.0,102211.88735762595
2023-06-12,101039.81743615681,82329.24163148385,120752.429895392,101039.81743615681,101039.81743615681,-259.48834501315497,-259.48834501315497,-259.48834501315497,-259.48834501315497,-259.48834501315497,-259.48834501315497,0.0,0.0,0.0,100780.32909114365
2023-06-13,101033.5407405909,83943.91317712187,119987.3045544749,101033.5407405909,101033.5407405909,70.62870883747274,70.62870883747274,70.62870883747274,70.62870883747274,70.62870883747274,70.62870883747274,0.0,0.0,0.0,101104.16944942837
2023-06-14,101027.26404502499,83659.81378159633,118735.57106691664,101027.26404502499,101027.26404502499,176.94166484854128,176.94166484854128,176.94166484854128,176.94166484854128,176.94166484854128,176.94166484854128,0.0,0.0,0.0,101204.20570987352
2023-06-15,101020.98734945907,81838.92883199143,119252.24604556618,101020.98734945907,101020.98734945907,-668.9158422333072,-668.9158422333072,-668.9158422333072,-668.9158422333072,-668.9158422333072,-668.9158422333072,0.0,0.0,0.0,100352.07150722576
2023-06-16,101014.71065389317,82436.59105600014,117958.02929021347,101014.71065389317,101014.71065389317,332.09235682737193,332.09235682737193,332.09235682737193,332.09235682737193,332.09235682737193,332.09235682737193,0.0,0.0,0.0,101346.80301072054
2023-06-17,101008.43395832725,82861.78307583394,119795.05888571056,101008.43395832725,101008.43395832725,-817.0517691689071,-817.0517691689071,-817.0517691689071,-817.0517691689071,-817.0517691689071,-817.0517691689071,0.0,0.0,0.0,100191.38218915835
2023-06-18,101002.15726276135,84199.91385521059,119736.25777983775,101002.15726276135,101002.15726276135,1165.7932259027268,1165.7932259027268,1165.7932259027268,1165.7932259027268,1165.7932259027268,1165.7932259027268,0.0,0.0,0.0,102167.95048866408
2023-06-19,100995.88056719543,81570.50322850239,119093.2171505584,100995.88056719543,100995.88056719543,-259.4883450077994,-259.4883450077994,-259.4883450077994,-259.4883450077994,-259.4883450077994,-259.4883450077994,0.0,0.0,0.0,100736.39222218763
2023-06-20,100989.60387162952,83163.52176914795,118755.86653221572,100989.60387162952,100989.60387162952,70.62870883611708,70.62870883611708,70.62870883611708,70.62870883611708,70.62870883611708,70.62870883611708,0.0,0.0,0.0,101060.23258046563
2023-06-21,100983.3271760636,82915.44694316102,120149.74026537349,100983.3271760636,100983.3271760636,176.94166484423303,176.94166484423303,176.94166484423303,176.94166484423303,176.94166484423303,176.94166484423303,0.0,0.0,0.0,101160.26884090783
2023-06-22,100971.22108538784,82058.20559612909,118933.74879789856,100971.22108538784,100971.22108538784,-668.9158422332349,-668.9158422332349,-668.9158422332349,-668.9158422332349,-668.9158422332349,-668.9158422332349,0.0,0.0,0.0,100302.3052431546
2023-06-23,100959.1149947121,82539.1856536656,119971.97941027269,100959.1149947121,100959.1149947121,332.09235682552463,332.09235682552463,332.09235682552463,332.09235682552463,332.09235682552463,332.09235682552463,0.0,0.0,0.0,101291.20735153763
2023-06-24,100947.00890403634,81997.44811152782,118232.01710428607,100947.00890403634,100947.00890403634,-817.051769168417,-817.051769168417,-817.051769168417,-817.051769168417,-817.051769168417,-817.051769168417,0.0,0.0,0.0,100129.95713486792
2023-06-25,100934.9028133606,84305.50633297068,120969.05233395411,100934.9028133606,100934.9028133606,1165.793225902227,1165.793225902227,1165.793225902227,1165.793225902227,1165.793225902227,1165.793225902227,0.0,0.0,0.0,102100.69603926282
2023-06-26,100922.79672268484,81264.68946902786,118835.98859592689,100922.79672268484,100922.79672268484,-259.48834500525265,-259.48834500525265,-259.48834500525265,-259.48834500525265,-259.48834500525265,-259.48834500525265,0.0,0.0,0.0,100663.30837767958
2023-06-27,100910.69063200911,83234.1338845169,120685.7488784193,100910.69063200911,100910.69063200911,70.62870883507591,70.62870883507591,70.62870883507591,70.62870883507591,70.62870883507591,70.62870883507591,0.0,0.0,0.0,100981.31934084419
2023-06-28,100898.58454133334,82155.80200319913,119937.5895938117,100898.58454133334,100898.58454133334,176.9416648399249,176.9416648399249,176.9416648399249,176.9416648399249,176.9416648399249,176.9416648399249,0.0,0.0,0.0,101075.52620617326
2023-06-29,100886.4784506576,82988.73449740396,119556.82154397093,100886.4784506576,100886.4784506576,-668.9158422344948,-668.9158422344948,-668.9158422344948,-668.9158422344948,-668.9158422344948,-668.9158422344948,0.0,0.0,0.0,100217.5626084231
2023-06-30,100874.37235998185,81433.3609196723,117670.33637383909,100874.37235998185,100874.37235998185,332.09235682849715,332.09235682849715,332.09235682849715,332.09235682849715,332.09235682849715,332.09235682849715,0.0,0.0,0.0,101206.46471681034
2023-07-01,100862.2662693061,81552.6904158997,117978.29040574645,100862.2662693061,100862.2662693061,-817.051769167927,-817.051769167927,-817.051769167927,-817.051769167927,-817.051769167927,-817.051769167927,0.0,0.0,0.0,100045.21450013817
2023-07-02,100850.16017863035,84232.44326238058,120778.82209078074,100850.16017863035,100850.16017863035,1165.7932259043696,1165.7932259043696,1165.7932259043696,1165.7932259043696,1165.7932259043696,1165.7932259043696,0.0,0.0,0.0,102015.95340453472
2023-07-03,100838.0540879546,82145.95062749459,117240.25068789243,100838.0540879546,100838.0540879546,-259.4883450045294,-259.4883450045294,-259.4883450045294,-259.4883450045294,-259.4883450045294,-259.4883450045294,0.0,0.0,0.0,100578.56574295007
2023-07-04,100825.94799727885,82288.98800416171,118122.42722826578,100825.94799727885,100825.94799727885,70.6287088394248,70.6287088394248,70.6287088394248,70.6287088394248,70.6287088394248,70.6287088394248,0.0,0.0,0.0,100896.57670611829
2023-07-05,100813.8419066031,83409.89693058371,117978.33957893672,100813.8419066031,100813.8419066031,176.94166484126384,176.94166484126384,176.94166484126384,176.94166484126384,176.94166484126384,176.94166484126384,0.0,0.0,0.0,100990.78357144436
2023-07-06,100801.73581592736,82212.66201369013,118244.54873587351,100801.73581592736,100801.73581592736,-668.9158422357543,-668.9158422357543,-668.9158422357543,-668.9158422357543,-668.9158422357543,-668.9158422357543,0.0,0.0,0.0,100132.8199736916
2023-07-07,100789.62972525161,83854.17694273348,118514.06433110866,100789.62972525161,100789.62972525161,332.0923568266498,332.0923568266498,332.0923568266498,332.0923568266498,332.0923568266498,332.0923568266498,0.0,0.0,0.0,101121.72208207825
2023-07-08,100777.52363457587,80331.29794471219,116846.0834021375,100777.52363457587,100777.52363457587,-817.0517691699745,-817.0517691699745,-817.0517691699745,-817.0517691699745,-817.0517691699745,-817.0517691699745,0.0,0.0,0.0,99960.4718654059
2023-07-09,100765.41754390011,83842.71212393083,120865.87909569587,100765.41754390011,100765.41754390011,1165.7932259065121,1165.7932259065121,1165.7932259065121,1165.7932259065121,1165.7932259065121,1165.7932259065121,0.0,0.0,0.0,101931.21076980662
2023-07-10,100753.31145322438,81780.49279833143,118289.00809273127,100753.31145322438,100753.31145322438,-259.4883450084381,-259.4883450084381,-259.4883450084381,-259.4883450084381,-259.4883450084381,-259.4883450084381,0.0,0.0,0.0,100493.82310821593
2023-07-11,100741.20536254862,82473.42883064752,119209.3268413842,100741.20536254862,100741.20536254862,70.62870883236451,70.62870883236451,70.62870883236451,70.62870883236451,70.62870883236451,70.62870883236451,0.0,0.0,0.0,100811.83407138097
2023-07-12,100729.09927187288,83125.8032020035,118650.87289597782,100729.09927187288,100729.09927187288,176.9416648426029,176.9416648426029,176.9416648426029,176.9416648426029,176.9416648426029,176.9416648426029,0.0,0.0,0.0,100906.04093671548
2023-07-13,100716.99318119712,83551.01764614054,117414.63475844091,100716.99318119712,100716.99318119712,-668.915842235682,-668.915842235682,-668.915842235682,-668.915842235682,-668.915842235682,-668.915842235682,0.0,0.0,0.0,100048.07733896143
2023-07-14,100704.88709052137,81298.63993130242,119141.75092908589,100704.88709052137,100704.88709052137,332.0923568272125,332.0923568272125,332.0923568272125,332.0923568272125,332.0923568272125,332.0923568272125,0.0,0.0,0.0,101036.97944734858
2023-07-15,100692.78099984562,82531.39862575794,118189.69866014029,100692.78099984562,100692.78099984562,-817.0517691696132,-817.0517691696132,-817.0517691696132,-817.0517691696132,-817.0517691696132,-817.0517691696132,0.0,0.0,0.0,99875.729230676
2023-07-16,100678.55971107933,84212.15398032904,119224.98594535331,100678.55971107933,100678.55971107933,1165.7932259060126,1165.7932259060126,1165.7932259060126,1165.7932259060126,1165.7932259060126,1165.7932259060126,0.0,0.0,0.0,101844.35293698535
2023-07-17,100664.33842231304,82278.56154749155,119478.1680468123,100664.33842231304,100664.33842231304,-259.4883450077146,-259.4883450077146,-259.4883450077146,-259.4883450077146,-259.4883450077146,-259.4883450077146,0.0,0.0,0.0,100404.85007730532
2023-07-18,100650.11713354675,81825.02877771633,118105.37574105199,100650.11713354675,100650.11713354675,70.62870883671337,70.62870883671337,70.62870883671337,70.62870883671337,70.62870883671337,70.62870883671337,0.0,0.0,0.0,100720.74584238346
2023-07-19,100635.89584478048,81587.1295999595,119198.45074777213,100635.89584478048,100635.89584478048,176.94166484364737,176.94166484364737,176.94166484364737,176.94166484364737,176.94166484364737,176.94166484364737,0.0,0.0,0.0,100812.83750962412
2023-07-20,100621.67455601419,81199.85047129919,118454.33874428614,100621.67455601419,100621.67455601419,-668.9158422369418,-668.9158422369418,-668.9158422369418,-668.9158422369418,-668.9158422369418,-668.9158422369418,0.0,0.0,0.0,99952.75871377725
2023-07-21,100607.4532672479,82647.62238607601,118314.44103389129,100607.4532672479,100607.4532672479,332.09235682536513,332.09235682536513,332.09235682536513,332.09235682536513,332.09235682536513,332.09235682536513,0.0,0.0,0.0,100939.54562407326
2023-07-22,100593.2319784816,81744.84414122236,117231.71601351508,100593.2319784816,100593.2319784816,-817.0517691689943,-817.0517691689943,-817.0517691689943,-817.0517691689943,-817.0517691689943,-817.0517691689943,0.0,0.0,0.0,99776.18020931262
2023-07-23,100579.01068971532,83154.43312923021,118733.42654572369,100579.01068971532,100579.01068971532,1165.7932258996677,1165.7932258996677,1165.7932258996677,1165.7932258996677,1165.7932258996677,1165.7932258996677,0.0,0.0,0.0,101744.80391561499
2023-07-24,100564.78940094903,81768.37317063275,118196.65571047268,100564.78940094903,100564.78940094903,-259.4883450051679,-259.4883450051679,-259.4883450051679,-259.4883450051679,-259.4883450051679,-259.4883450051679,0.0,0.0,0.0,100305.30105594386
2023-07-25,100550.56811218275,82433.06254922893,119121.60481582803,100550.56811218275,100550.56811218275,70.62870883535771,70.62870883535771,70.62870883535771,70.62870883535771,70.62870883535771,70.62870883535771,0.0,0.0,0.0,100621.19682101811
2023-07-26,100536.34682341646,82166.62255446531,119208.33587277637,100536.34682341646,100536.34682341646,176.94166483933913,176.94166483933913,176.94166483933913,176.94166483933913,176.94166483933913,176.94166483933913,0.0,0.0,0.0,100713.2884882558
2023-07-27,100522.12553465017,80836.6393460676,116661.61270726952,100522.12553465017,100522.12553465017,-668.9158422337301,-668.9158422337301,-668.9158422337301,-668.9158422337301,-668.9158422337301,-668.9158422337301,0.0,0.0,0.0,99853.20969241644
2023-07-28,100507.90424588388,81776.62361219812,118104.57419892,100507.90424588388,100507.90424588388,332.09235682592777,332.09235682592777,332.09235682592777,332.09235682592777,332.09235682592777,332.09235682592777,0.0,0.0,0.0,100839.99660270981
2023-07-29,100493.68295711759,81362.5403185215,117984.41987010288,100493.68295711759,100493.68295711759,-817.051769168633,-817.051769168633,-817.051769168633,-817.051769168633,-817.051769168633,-817.051769168633,0.0,0.0,0.0,99676.63118794895
2023-07-30,100479.4616683513,83761.1808613209,118560.30904848932,100479.4616683513,100479.4616683513,1165.7932259018103,1165.7932259018103,1165.7932259018103,1165.7932259018103,1165.7932259018103,1165.7932259018103,0.0,0.0,0.0,101645.25489425311
2023-07-31,100465.24037958501,81413.03377603227,118245.34211496548,100465.24037958501,100465.24037958501,-259.48834500444457,-259.48834500444457,-259.48834500444457,-259.48834500444457,-259.48834500444457,-259.48834500444457,0.0,0.0,0.0,100205.75203458057
2023-08-01,100451.01909081874,82097.558731221,120205.65869528813,100451.01909081874,100451.01909081874,70.62870883970655,70.62870883970655,70.62870883970655,70.62870883970655,70.62870883970655,70.62870883970655,0.0,0.0,0.0,100521.64779965844
2023-08-02,100436.79780205245,81905.01090075991,119223.35778046094,100436.79780205245,100436.79780205245,176.94166484632538,176.94166484632538,176.94166484632538,176.94166484632538,176.94166484632538,176.94166484632538,0.0,0.0,0.0,100613.73946689877
2023-08-03,100422.57651328616,82782.0660964668,118668.23685297588,100422.57651328616,100422.57651328616,-668.9158422394612,-668.9158422394612,-668.9158422394612,-668.9158422394612,-668.9158422394612,-668.9158422394612,0.0,0.0,0.0,99753.6606710467
2023-08-04,100408.35522451987,82608.650206684,118649.70637454896,100408.35522451987,100408.35522451987,332.09235682641315,332.09235682641315,332.09235682641315,332.09235682641315,332.09235682641315,332.09235682641315,0.0,0.0,0.0,100740.44758134628
2023-08-05,100394.13393575358,82385.64313792762,118288.33156153397,100394.13393575358,100394.13393575358,-817.0517691681429,-817.0517691681429,-817.0517691681429,-817.0517691681429,-817.0517691681429,-817.0517691681429,0.0,0.0,0.0,99577.08216658543
2023-08-06,100379.91264698729,84315.57633829865,119458.458917022,100379.91264698729,100379.91264698729,1165.793225903953,1165.793225903953,1165.793225903953,1165.793225903953,1165.793225903953,1165.793225903953,0.0,0.0,0.0,101545.70587289124
2023-08-07,100365.69135822101,82329.8714667249,118429.14784691387,100365.69135822101,100365.69135822101,-259.48834500835335,-259.48834500835335,-259.48834500835335,-259.48834500835335,-259.48834500835335,-259.48834500835335,0.0,0.0,0.0,100106.20301321265
2023-08-08,100351.46850537062,82679.53327037713,118435.61797956894,100351.46850537062,100351.46850537062,70.62870883835083,70.62870883835083,70.62870883835083,70.62870883835083,70.62870883835083,70.62870883835083,0.0,0.0,0.0,100422.09721420897
2023-08-09,100337.24565252021,81677.35557864555,118445.2211510057,100337.24565252021,100337.24565252021,176.94166484172266,176.94166484172266,176.94166484172266,176.94166484172266,176.94166484172266,176.94166484172266,0.0,0.0,0.0,100514.18731736194
2023-08-10,100323.02279966982,82084.35715122912,120246.42963422602,100323.02279966982,100323.02279966982,-668.9158422362497,-668.9158422362497,-668.9158422362497,-668.9158422362497,-668.9158422362497,-668.9158422362497,0.0,0.0,0.0,99654.10695743357
2023-08-11,100308.79994681943,83187.86189626256,118500.8876939508,100308.79994681943,100308.79994681943,332.0923568269758,332.0923568269758,332.0923568269758,332.0923568269758,332.0923568269758,332.0923568269758,0.0,0.0,0.0,100640.89230364641
2023-08-12,100294.57709396904,82432.18283345138,117666.4992627547,100294.57709396904,100294.57709396904,-817.0517691677817,-817.0517691677817,-817.0517691677817,-817.0517691677817,-817.0517691677817,-817.0517691677817,0.0,0.0,0.0,99477.52532480126
2023-08-13,100280.35424111866,84914.25417466351,119629.38299562605,100280.35424111866,100280.35424111866,1165.793225903453,1165.793225903453,1165.793225903453,1165.793225903453,1165.793225903453,1165.793225903453,0.0,0.0,0.0,101446.14746702212
2023-08-14,100266.13138826827,82611.94487619436,117454.69231427695,100266.13138826827,100266.13138826827,-259.48834500299773,-259.48834500299773,-259.48834500299773,-259.48834500299773,-259.48834500299773,-259.48834500299773,0.0,0.0,0.0,100006.64304326527
2023-08-15,100251.90853541788,80266.74219357622,120111.35438263307,100251.90853541788,100251.90853541788,70.62870883730977,70.62870883730977,70.62870883730977,70.62870883730977,70.62870883730977,70.62870883730977,0.0,0.0,0.0,100322.53724425519
2023-08-16,100237.68568256748,83638.84564059238,117681.97735393018,100237.68568256748,100237.68568256748,176.9416648487089,176.9416648487089,176.9416648487089,176.9416648487089,176.9416648487089,176.9416648487089,0.0,0.0,0.0,100414.62734741619
2023-08-17,100223.46282971709,81961.42129099787,117615.77609647383,100223.46282971709,100223.46282971709,-668.915842233038,-668.915842233038,-668.915842233038,-668.915842233038,-668.915842233038,-668.915842233038,0.0,0.0,0.0,99554.54698748405
2023-08-18,100209.2399768667,82154.52199594757,120162.65512168081,100209.2399768667,100209.2399768667,332.0923568251285,332.0923568251285,332.0923568251285,332.0923568251285,332.0923568251285,332.0923568251285,0.0,0.0,0.0,100541.33233369183
2023-08-19,100195.01712401632,82413.15190479544,117654.1017223279,100195.01712401632,100195.01712401632,-817.0517691672915,-817.0517691672915,-817.0517691672915,-817.0517691672915,-817.0517691672915,-817.0517691672915,0.0,0.0,0.0,99377.96535484903
2023-08-20,100180.79427116593,82997.83050083368,120141.61729944732,100180.79427116593,100180.79427116593,1165.793225905035,1165.793225905035,1165.793225905035,1165.793225905035,1165.793225905035,1165.793225905035,0.0,0.0,0.0,101346.58749707096
2023-08-21,100166.57141831554,81686.35854650039,117355.07429320352,100166.57141831554,100166.57141831554,-259.4883450069065,-259.4883450069065,-259.4883450069065,-259.4883450069065,-259.4883450069065,-259.4883450069065,0.0,0.0,0.0,99907.08307330863
2023-08-22,100152.34856546514,80836.90593291206,118566.23780722528,100152.34856546514,100152.34856546514,70.62870883595397,70.62870883595397,70.62870883595397,70.62870883595397,70.62870883595397,70.62870883595397,0.0,0.0,0.0,100222.9772743011
2023-08-23,100138.12571261475,81838.38316622037,119086.66384464673,100138.12571261475,100138.12571261475,176.94166484440072,176.94166484440072,176.94166484440072,176.94166484440072,176.94166484440072,176.94166484440072,0.0,0.0,0.0,100315.06737745916
2023-08-24,100123.90285976435,79988.88820758137,118305.54224981494,100123.90285976435,100123.90285976435,-668.9158422342975,-668.9158422342975,-668.9158422342975,-668.9158422342975,-668.9158422342975,-668.9158422342975,0.0,0.0,0.0,99454.98701753005
2023-08-25,100109.68000691397,82364.21372038343,117762.56451504663,100109.68000691397,100109.68000691397,332.092356828101,332.092356828101,332.092356828101,332.092356828101,332.092356828101,332.092356828101,0.0,0.0,0.0,100441.77236374207
2023-08-26,100095.45715406358,79959.06474647476,117961.64914541837,100095.45715406358,100095.45715406358,-817.0517691692102,-817.0517691692102,-817.0517691692102,-817.0517691692102,-817.0517691692102,-817.0517691692102,0.0,0.0,0.0,99278.40538489437
2023-08-27,100081.23430121319,82496.85989718203,119841.76411534796,100081.23430121319,100081.23430121319,1165.793225901893,1165.793225901893,1165.793225901893,1165.793225901893,1165.793225901893,1165.793225901893,0.0,0.0,0.0,101247.02752711509
2023-08-28,100067.0114483628,80858.58126573518,118318.48055194368,100067.0114483628,100067.0114483628,-259.48834501081524,-259.48834501081524,-259.48834501081524,-259.48834501081524,-259.48834501081524,-259.48834501081524,0.0,0.0,0.0,99807.52310335198
2023-08-29,100052.78859551241,81538.92899197526,119632.74742649031,100052.78859551241,100052.78859551241,70.62870884030289,70.62870884030289,70.62870884030289,70.62870884030289,70.62870884030289,70.62870884030289,0.0,0.0,0.0,100123.41730435271
2023-08-30,100038.56574266202,80960.49735700821,117666.2820328212,100038.56574266202,100038.56574266202,176.94166484573972,176.94166484573972,176.94166484573972,176.94166484573972,176.94166484573972,176.94166484573972,0.0,0.0,0.0,100215.50740750776
2023-08-31,100024.34288981164,81106.89684216562,117807.95771191297,100024.34288981164,100024.34288981164,-668.9158422297539,-668.9158422297539,-668.9158422297539,-668.9158422297539,-668.9158422297539,-668.9158422297539,0.0,0.0,0.0,99355.42704758189
2023-09-01,100010.12003696123,82447.04808703811,117265.26684332898,100010.12003696123,100010.12003696123,332.09235682625376,332.09235682625376,332.09235682625376,332.09235682625376,332.09235682625376,332.09235682625376,0.0,0.0,0.0,100342.21239378749
2023-09-02,99995.89718411084,82440.99747945061,117381.81035858742,99995.89718411084,99995.89718411084,-817.05176916872,-817.05176916872,-817.05176916872,-817.05176916872,-817.05176916872,-817.05176916872,0.0,0.0,0.0,99178.84541494213
2023-09-03,99981.67433126045,84716.61662187907,118572.93672197689,99981.67433126045,99981.67433126045,1165.7932259040356,1165.7932259040356,1165.7932259040356,1165.7932259040356,1165.7932259040356,1165.7932259040356,0.0,0.0,0.0,101147.46755716449
2023-09-04,99967.45147841006,81216.18306432613,117031.99074495144,99967.45147841006,99967.45147841006,-259.48834501009185,-259.48834501009185,-259.48834501009185,-259.48834501009185,-259.48834501009185,-259.48834501009185,0.0,0.0,0.0,99707.96313339997
2023-09-05,99953.22862555967,82217.13826839351,118967.82934528563,99953.22862555967,99953.22862555967,70.6287088335572,70.6287088335572,70.6287088335572,70.6287088335572,70.6287088335572,70.6287088335572,0.0,0.0,0.0,100023.85733439322
2023-09-06,99939.0057727093,80004.92495964891,117144.49557261882,99939.0057727093,99939.0057727093,176.94166484707875,176.94166484707875,176.94166484707875,176.94166484707875,176.94166484707875,176.94166484707875,0.0,0.0,0.0,100115.94743755637
2023-09-07,99924.7829198589,80112.8903750893,116147.36849860234,99924.7829198589,99924.7829198589,-668.9158422354851,-668.9158422354851,-668.9158422354851,-668.9158422354851,-668.9158422354851,-668.9158422354851,0.0,0.0,0.0,99255.86707762342
2023-09-08,99910.56006700851,81354.41899677648,116540.99497214405,99910.56006700851,99910.56006700851,332.0923568244064,332.0923568244064,332.0923568244064,332.0923568244064,332.0923568244064,332.0923568244064,0.0,0.0,0.0,100242.65242383291
2023-09-09,99896.3372141581,80235.59284377097,116323.21258131933,99896.3372141581,99896.3372141581,-817.0517691683589,-817.0517691683589,-817.0517691683589,-817.0517691683589,-817.0517691683589,-817.0517691683589,0.0,0.0,0.0,99079.28544498974
2023-09-10,99882.11436130771,83655.31808408642,119865.38808768433,99882.11436130771,99882.11436130771,1165.793225903536,1165.793225903536,1165.793225903536,1165.793225903536,1165.793225903536,1165.793225903536,0.0,0.0,0.0,101047.90758721124
2023-09-11,99867.89150845732,82086.83224469917,119523.1984120711,99867.89150845732,99867.89150845732,-259.4883450121773,-259.4883450121773,-259.4883450121773,-259.4883450121773,-259.4883450121773,-259.4883450121773,0.0,0.0,0.0,99608.40316344515
2023-09-12,99853.66865560695,82860.99838128878,118480.37450632366,99853.66865560695,99853.66865560695,70.62870883790605,70.62870883790605,70.62870883790605,70.62870883790605,70.62870883790605,70.62870883790605,0.0,0.0,0.0,99924.29736444485
2023-09-13,99839.44580275656,81586.21902563571,118250.52809162105,99839.44580275656,99839.44580275656,176.9416648484178,176.9416648484178,176.9416648484178,176.9416648484178,176.9416648484178,176.9416648484178,0.0,0.0,0.0,100016.38746760497
2023-09-14,99825.22294990617,80608.81032657527,116566.51842915016,99825.22294990617,99825.22294990617,-668.9158422322735,-668.9158422322735,-668.9158422322735,-668.9158422322735,-668.9158422322735,-668.9158422322735,0.0,0.0,0.0,99156.30710767389
2023-09-15,99811.00009705577,80408.09061069987,117694.08710883885,99811.00009705577,99811.00009705577,332.0923568249691,332.0923568249691,332.0923568249691,332.0923568249691,332.0923568249691,332.0923568249691,0.0,0.0,0.0,100143.09245388074
2023-09-16,99796.77724420537,80648.9389110747,116742.72736995318,99796.77724420537,99796.77724420537,-817.0517691704064,-817.0517691704064,-817.0517691704064,-817.0517691704064,-817.0517691704064,-817.0517691704064,0.0,0.0,0.0,98979.72547503497
2023-09-17,99782.55439135498,81369.91460108136,119472.50598565907,99782.55439135498,99782.55439135498,1165.7932259030363,1165.7932259030363,1165.7932259030363,1165.7932259030363,1165.7932259030363,1165.7932259030363,0.0,0.0,0.0,100948.34761725801
2023-09-18,99768.3315385046,80762.13585850454,118060.66050974764,99768.3315385046,99768.3315385046,-259.48834500682176,-259.48834500682176,-259.48834500682176,-259.48834500682176,-259.48834500682176,-259.48834500682176,0.0,0.0,0.0,99508.84319349779
2023-09-19,99754.10868565421,83144.98388795096,118267.96433749396,99754.10868565421,99754.10868565421,70.62870883084574,70.62870883084574,70.62870883084574,70.62870883084574,70.62870883084574,70.62870883084574,0.0,0.0,0.0,99824.73739448506
2023-09-20,99739.88583280382,81737.61643197674,118602.62506124956,99739.88583280382,99739.88583280382,176.9416648441095,176.9416648441095,176.9416648441095,176.9416648441095,176.9416648441095,176.9416648441095,0.0,0.0,0.0,99916.82749764793
2023-09-21,99725.66297995343,79698.99451404948,116675.16681247953,99725.66297995343,99725.66297995343,-668.9158422335331,-668.9158422335331,-668.9158422335331,-668.9158422335331,-668.9158422335331,-668.9158422335331,0.0,0.0,0.0,99056.7471377199
2023-09-22,99711.44012710304,82654.87162600645,118001.90455515882,99711.44012710304,99711.44012710304,332.09235682545443,332.09235682545443,332.09235682545443,332.09235682545443,332.09235682545443,332.09235682545443,0.0,0.0,0.0,100043.53248392849
2023-09-23,99697.21727425265,80478.45755334853,116901.99510019082,99697.21727425265,99697.21727425265,-817.0517691700452,-817.0517691700452,-817.0517691700452,-817.0517691700452,-817.0517691700452,-817.0517691700452,0.0,0.0,0.0,98880.1655050826
2023-09-24,99682.99442140225,83663.91232148152,120082.43687804432,99682.99442140225,99682.99442140225,1165.7932259025367,1165.7932259025367,1165.7932259025367,1165.7932259025367,1165.7932259025367,1165.7932259025367,0.0,0.0,0.0,100848.7876473048
2023-09-25,99668.77156855186,81057.79753136796,119222.42496638493,99668.77156855186,99668.77156855186,-259.4883450107304,-259.4883450107304,-259.4883450107304,-259.4883450107304,-259.4883450107304,-259.4883450107304,0.0,0.0,0.0,99409.28322354113
2023-09-26,99654.54871570147,82991.12136422643,119493.06122152774,99654.54871570147,99654.54871570147,70.6287088351946,70.6287088351946,70.6287088351946,70.6287088351946,70.6287088351946,70.6287088351946,0.0,0.0,0.0,99725.17742453667
2023-09-27,99640.32586285108,81453.29862110614,120072.08512665378,99640.32586285108,99640.32586285108,176.94166484515407,176.94166484515407,176.94166484515407,176.94166484515407,176.94166484515407,176.94166484515407,0.0,0.0,0.0,99817.26752769624
2023-09-28,99626.10301000069,80517.96394953757,115787.47857015643,99626.10301000069,99626.10301000069,-668.9158422347929,-668.9158422347929,-668.9158422347929,-668.9158422347929,-668.9158422347929,-668.9158422347929,0.0,0.0,0.0,98957.1871677659
2023-09-29,99611.8801571503,81927.97663083406,117595.56304650009,99611.8801571503,99611.8801571503,332.09235682842694,332.09235682842694,332.09235682842694,332.09235682842694,332.09235682842694,332.09235682842694,0.0,0.0,0.0,99943.97251397872
2023-09-30,99597.65730429992,80360.65191593608,117421.88028660025,99597.65730429992,99597.65730429992,-817.0517691694262,-817.0517691694262,-817.0517691694262,-817.0517691694262,-817.0517691694262,-817.0517691694262,0.0,0.0,0.0,98780.6055351305
2023-10-01,99583.43445144952,83188.18176463935,119445.76981681219,99583.43445144952,99583.43445144952,1165.793225904679,1165.793225904679,1165.793225904679,1165.793225904679,1165.793225904679,1165.793225904679,0.0,0.0,0.0,100749.2276773542
2023-10-02,99569.21159859913,81446.45556902261,116207.0008120006,99569.21159859913,99569.21159859913,-259.48834501000715,-259.48834501000715,-259.48834501000715,-259.48834501000715,-259.48834501000715,-259.48834501000715,0.0,0.0,0.0,99309.72325358912
2023-10-03,99554.98874574873,81979.02745380817,117736.74805460636,99554.98874574873,99554.98874574873,70.62870883954352,70.62870883954352,70.62870883954352,70.62870883954352,70.62870883954352,70.62870883954352,0.0,0.0,0.0,99625.61745458828
2023-10-04,99540.76589289834,82863.11912762947,119768.63238968705,99540.76589289834,99540.76589289834,176.9416648408458,176.9416648408458,176.9416648408458,176.9416648408458,176.9416648408458,176.9416648408458,0.0,0.0,0.0,99717.7075577392
2023-10-05,99526.54304004795,79796.44760398928,116567.79922704384,99526.54304004795,99526.54304004795,-668.9158422360526,-668.9158422360526,-668.9158422360526,-668.9158422360526,-668.9158422360526,-668.9158422360526,0.0,0.0,0.0,98857.6271978119
2023-10-06,99512.32018719758,80297.28525710617,117786.89341672305,99512.32018719758,99512.32018719758,332.09235682657965,332.09235682657965,332.09235682657965,332.09235682657965,332.09235682657965,332.09235682657965,0.0,0.0,0.0,99844.41254402416
2023-10-07,99498.09733434719,80349.60049670587,117143.41508415792,99498.09733434719,99498.09733434719,-817.051769169065,-817.051769169065,-817.051769169065,-817.051769169065,-817.051769169065,-817.051769169065,0.0,0.0,0.0,98681.04556517812
2023-10-08,99483.8744814968,83687.62004136648,118903.99543190633,99483.8744814968,99483.8744814968,1165.7932259036188,1165.7932259036188,1165.7932259036188,1165.7932259036188,1165.7932259036188,1165.7932259036188,0.0,0.0,0.0,100649.66770740041
2023-10-09,99469.65162864639,80719.88057716817,117024.4772780608,99469.65162864639,99469.65162864639,-259.48834500746034,-259.48834500746034,-259.48834500746034,-259.48834500746034,-259.48834500746034,-259.48834500746034,0.0,0.0,0.0,99210.16328363893
2023-10-10,99455.428775796,81588.55490515498,117084.93543778641,99455.428775796,99455.428775796,70.62870883248314,70.62870883248314,70.62870883248314,70.62870883248314,70.62870883248314,70.62870883248314,0.0,0.0,0.0,99526.05748462849
2023-10-11,99441.2059229456,80378.3827188884,117914.21708000613,99441.2059229456,99441.2059229456,176.94166484783202,176.94166484783202,176.94166484783202,176.94166484783202,176.94166484783202,176.94166484783202,0.0,0.0,0.0,99618.14758779344
2023-10-12,99426.98307009523,81043.83033865456,116525.08916080197,99426.98307009523,99426.98307009523,-668.9158422328411,-668.9158422328411,-668.9158422328411,-668.9158422328411,-668.9158422328411,-668.9158422328411,0.0,0.0,0.0,98758.06722786238
2023-10-13,99412.76021724484,81619.93970514473,118981.88520032454,99412.76021724484,99412.76021724484,332.09235682706515,332.09235682706515,332.09235682706515,332.09235682706515,332.09235682706515,332.09235682706515,0.0,0.0,0.0,99744.8525740719
2023-10-14,99398.53736439445,81336.78411761449,117272.0104846895,99398.53736439445,99398.53736439445,-817.0517691687038,-817.0517691687038,-817.0517691687038,-817.0517691687038,-817.0517691687038,-817.0517691687038,0.0,0.0,0.0,98581.48559522575
2023-10-15,99384.31451154406,80731.1203774308,118449.38004946019,99384.31451154406,99384.31451154406,1165.7932259057613,1165.7932259057613,1165.7932259057613,1165.7932259057613,1165.7932259057613,1165.7932259057613,0.0,0.0,0.0,100550.10773744981
2023-10-16,99370.09165869365,79690.82889357461,117888.0753321828,99370.09165869365,99370.09165869365,-259.48834500673695,-259.48834500673695,-259.48834500673695,-259.48834500673695,-259.48834500673695,-259.48834500673695,0.0,0.0,0.0,99110.60331368691
2023-10-17,99355.86880584326,81170.98629451304,118566.34050722558,99355.86880584326,99355.86880584326,70.62870883683206,70.62870883683206,70.62870883683206,70.62870883683206,70.62870883683206,70.62870883683206,0.0,0.0,0.0,99426.49751468009
2023-10-18,99341.64595299288,80912.58685838898,116578.39913919005,99341.64595299288,99341.64595299288,176.9416648435238,176.9416648435238,176.9416648435238,176.9416648435238,176.9416648435238,176.9416648435238,0.0,0.0,0.0,99518.58761783641
2023-10-19,99327.42310014249,81175.31565506617,116695.26917144687,99327.42310014249,99327.42310014249,-668.91584223724,-668.91584223724,-668.91584223724,-668.91584223724,-668.91584223724,-668.91584223724,0.0,0.0,0.0,98658.50725790525
2023-10-20,99313.2002472921,81355.3110544782,118129.37495650772,99313.2002472921,99313.2002472921,332.09235682521773,332.09235682521773,332.09235682521773,332.09235682521773,332.09235682521773,332.09235682521773,0.0,0.0,0.0,99645.29260411732
2023-10-21,99298.97739444171,79632.11244589812,117293.31011607386,99298.97739444171,99298.97739444171,-817.0517691680848,-817.0517691680848,-817.0517691680848,-817.0517691680848,-817.0517691680848,-817.0517691680848,0.0,0.0,0.0,98481.92562527362
2023-10-22,99284.75454159132,81105.48781109175,118742.1502699661,99284.75454159132,99284.75454159132,1165.7932259026195,1165.7932259026195,1165.7932259026195,1165.7932259026195,1165.7932259026195,1165.7932259026195,0.0,0.0,0.0,100450.54776749393
2023-10-23,99270.53168874093,79677.39639266625,117150.10559946318,99270.53168874093,99270.53168874093,-259.4883450060136,-259.4883450060136,-259.4883450060136,-259.4883450060136,-259.4883450060136,-259.4883450060136,0.0,0.0,0.0,99011.04334373491
2023-10-24,99256.30883589052,81560.47479659988,117345.29536246113,99256.30883589052,99256.30883589052,70.62870883579093,70.62870883579093,70.62870883579093,70.62870883579093,70.62870883579093,70.62870883579093,0.0,0.0,0.0,99326.93754472632
2023-10-25,99242.08598304015,81318.41441355369,117593.72736909156,99242.08598304015,99242.08598304015,176.9416648392156,176.9416648392156,176.9416648392156,176.9416648392156,176.9416648392156,176.9416648392156,0.0,0.0,0.0,99419.02764787937
2023-10-26,99227.86313018975,80514.64766378327,116640.54907369478,99227.86313018975,99227.86313018975,-668.9158422340283,-668.9158422340283,-668.9158422340283,-668.9158422340283,-668.9158422340283,-668.9158422340283,0.0,0.0,0.0,98558.94728795573
2023-10-27,99213.64027733936,80899.03540969398,118011.79851908436,99213.64027733936,99213.64027733936,332.09235682578037,332.09235682578037,332.09235682578037,332.09235682578037,332.09235682578037,332.09235682578037,0.0,0.0,0.0,99545.73263416515
2023-10-28,99199.41742448897,79633.12607228919,115925.44899740232,99199.41742448897,99199.41742448897,-817.0517691677235,-817.0517691677235,-817.0517691677235,-817.0517691677235,-817.0517691677235,-817.0517691677235,0.0,0.0,0.0,98382.36565532125
2023-10-29,99185.19457163858,81659.47845244061,119334.291204829,99185.19457163858,99185.19457163858,1165.793225904762,1165.793225904762,1165.793225904762,1165.793225904762,1165.793225904762,1165.793225904762,0.0,0.0,0.0,100350.98779754335
2023-10-30,99170.9717187882,81267.55131627285,116669.9395173423,99170.9717187882,99170.9717187882,-259.4883450052902,-259.4883450052902,-259.4883450052902,-259.4883450052902,-259.4883450052902,-259.4883450052902,0.0,0.0,0.0,98911.48337378292
2023-10-31,99156.7488659378,81344.88916154226,116862.77877384046,99156.7488659378,99156.7488659378,70.62870884013985,70.62870884013985,70.62870884013985,70.62870884013985,70.62870884013985,70.62870884013985,0.0,0.0,0.0,99227.37757477794
2023-11-01,99142.52601308741,81773.73468254521,117207.43448067417,99142.52601308741,99142.52601308741,176.94166484620186,176.94166484620186,176.94166484620186,176.94166484620186,176.94166484620186,176.94166484620186,0.0,0.0,0.0,99319.46767793362
2023-11-02,99128.30316023702,80282.28462738472,116667.01847159982,99128.30316023702,99128.30316023702,-668.9158422397595,-668.9158422397595,-668.9158422397595,-668.9158422397595,-668.9158422397595,-668.9158422397595,0.0,0.0,0.0,98459.38731799726
2023-11-03,99114.08030738663,81096.26656046619,117725.39951186962,99114.08030738663,99114.08030738663,332.092356826343,332.092356826343,332.092356826343,332.092356826343,332.092356826343,332.092356826343,0.0,0.0,0.0,99446.17266421297
2023-11-04,99099.85745453624,79209.69894154,116363.45574007762,99099.85745453624,99099.85745453624,-817.0517691697711,-817.0517691697711,-817.0517691697711,-817.0517691697711,-817.0517691697711,-817.0517691697711,0.0,0.0,0.0,98282.80568536646
2023-11-05,99085.63460168586,82453.71428069177,120280.63995798232,99085.63460168586,99085.63460168586,1165.7932259010597,1165.7932259010597,1165.7932259010597,1165.7932259010597,1165.7932259010597,1165.7932259010597,0.0,0.0,0.0,100251.42782758691
2023-11-06,99071.41174883547,80576.77086947433,115429.67323422927,99071.41174883547,99071.41174883547,-259.4883450091989,-259.4883450091989,-259.4883450091989,-259.4883450091989,-259.4883450091989,-259.4883450091989,0.0,0.0,0.0,98811.92340382627
2023-11-07,99057.18889598508,81280.51286375198,117795.4416691042,99057.18889598508,99057.18889598508,70.62870883878412,70.62870883878412,70.62870883878412,70.62870883878412,70.62870883878412,70.62870883878412,0.0,0.0,0.0,99127.81760482387
2023-11-08,99042.96604313467,79951.14280511985,117697.82106884458,99042.96604313467,99042.96604313467,176.94166484189364,176.94166484189364,176.94166484189364,176.94166484189364,176.94166484189364,176.94166484189364,0.0,0.0,0.0,99219.90770797657
2023-11-09,99028.74319028428,80407.42275261506,117093.63262637284,99028.74319028428,99028.74319028428,-668.9158422352158,-668.9158422352158,-668.9158422352158,-668.9158422352158,-668.9158422352158,-668.9158422352158,0.0,0.0,0.0,98359.82734804906
2023-11-10,99014.52033743389,81995.30475345679,117193.53824434882,99014.52033743389,99014.52033743389,332.09235682690553,332.09235682690553,332.09235682690553,332.09235682690553,332.09235682690553,332.09235682690553,0.0,0.0,0.0,99346.6126942608
2023-11-11,99000.29748458351,79474.25841101009,115957.6905146571,99000.29748458351,99000.29748458351,-817.0517691694099,-817.0517691694099,-817.0517691694099,-817.0517691694099,-817.0517691694099,-817.0517691694099,0.0,0.0,0.0,98183.2457154141
2023-11-12,98986.07463173312,82991.26441830289,118951.4195806304,98986.07463173312,98986.07463173312,1165.793225903202,1165.793225903202,1165.793225903202,1165.793225903202,1165.793225903202,1165.793225903202,0.0,0.0,0.0,100151.86785763632
2023-11-13,98971.85177888273,79907.78564385943,114980.55359255185,98971.85177888273,98971.85177888273,-259.48834500384345,-259.48834500384345,-259.48834500384345,-259.48834500384345,-259.48834500384345,-259.48834500384345,0.0,0.0,0.0,98712.36343387888
2023-11-14,98957.62892603234,81480.51395190277,116732.13985813069,98957.62892603234,98957.62892603234,70.6287088374284,70.6287088374284,70.6287088374284,70.6287088374284,70.6287088374284,70.6287088374284,0.0,0.0,0.0,99028.25763486976
2023-11-15,98943.40607318193,81892.54001545836,117004.60557727664,98943.40607318193,98943.40607318193,176.94166484293808,176.94166484293808,176.94166484293808,176.94166484293808,176.94166484293808,176.94166484293808,0.0,0.0,0.0,99120.34773802487
2023-11-16,98929.18322033154,79900.6229274707,116017.59223854389,98929.18322033154,98929.18322033154,-668.9158422364754,-668.9158422364754,-668.9158422364754,-668.9158422364754,-668.9158422364754,-668.9158422364754,0.0,0.0,0.0,98260.26737809507
2023-11-17,98914.96036748115,80383.11159707271,118463.00889662359,98914.96036748115,98914.96036748115,332.09235682505835,332.09235682505835,332.09235682505835,332.09235682505835,332.09235682505835,332.09235682505835,0.0,0.0,0.0,99247.05272430621
2023-11-18,98900.73751463077,79428.48552981883,114617.0200320687,98900.73751463077,98900.73751463077,-817.0517691689197,-817.0517691689197,-817.0517691689197,-817.0517691689197,-817.0517691689197,-817.0517691689197,0.0,0.0,0.0,98083.68574546186
2023-11-19,98886.51466178038,82419.4791545391,117560.68271780816,98886.51466178038,98886.51466178038,1165.7932259053446,1165.7932259053446,1165.7932259053446,1165.7932259053446,1165.7932259053446,1165.7932259053446,0.0,0.0,0.0,100052.30788768573
2023-11-20,98872.29180893,80273.40717039729,116930.12212294285,98872.29180893,98872.29180893,-259.48834500592886,-259.48834500592886,-259.48834500592886,-259.48834500592886,-259.48834500592886,-259.48834500592886,0.0,0.0,0.0,98612.80346392406
2023-11-21,98858.0689560796,80747.99067947554,118156.56285771562,98858.0689560796,98858.0689560796,70.62870883607268,70.62870883607268,70.62870883607268,70.62870883607268,70.62870883607268,70.62870883607268,0.0,0.0,0.0,98928.69766491567
2023-11-22,98843.84610322921,80142.59866781443,116606.01736685121,98843.84610322921,98843.84610322921,176.9416648442771,176.9416648442771,176.9416648442771,176.9416648442771,176.9416648442771,176.9416648442771,0.0,0.0,0.0,99020.78776807348
2023-11-23,98829.6232503788,79583.39294313588,118185.19049639083,98829.6232503788,98829.6232503788,-668.9158422332638,-668.9158422332638,-668.9158422332638,-668.9158422332638,-668.9158422332638,-668.9158422332638,0.0,0.0,0.0,98160.70740814554
2023-11-24,98815.40039752843,79091.85306263718,116369.31248437877,98815.40039752843,98815.40039752843,332.09235682803074,332.09235682803074,332.09235682803074,332.09235682803074,332.09235682803074,332.09235682803074,0.0,0.0,0.0,99147.49275435646
2023-11-25,98801.17754467804,79208.51812723826,116189.02634492239,98801.17754467804,98801.17754467804,-817.0517691684297,-817.0517691684297,-817.0517691684297,-817.0517691684297,-817.0517691684297,-817.0517691684297,0.0,0.0,0.0,97984.1257755096
2023-11-26,98786.95469182765,82682.79172681029,117238.47587872417,98786.95469182765,98786.95469182765,1165.7932259022027,1165.7932259022027,1165.7932259022027,1165.7932259022027,1165.7932259022027,1165.7932259022027,0.0,0.0,0.0,99952.74791772985
2023-11-27,98772.73183897726,80324.38591255389,116364.28268296826,98772.73183897726,98772.73183897726,-259.4883450052054,-259.4883450052054,-259.4883450052054,-259.4883450052054,-259.4883450052054,-259.4883450052054,0.0,0.0,0.0,98513.24349397206
2023-11-28,98758.50898612686,80120.48875009715,117531.78348982226,98758.50898612686,98758.50898612686,70.62870884042154,70.62870884042154,70.62870884042154,70.62870884042154,70.62870884042154,70.62870884042154,0.0,0.0,0.0,98829.13769496728
2023-11-29,98744.28613327649,81694.90831858337,116236.69237052262,98744.28613327649,98744.28613327649,176.94166484561615,176.94166484561615,176.94166484561615,176.94166484561615,176.94166484561615,176.94166484561615,0.0,0.0,0.0,98921.2277981221
2023-11-30,98730.06328042608,79965.77329475753,116227.15773826292,98730.06328042608,98730.06328042608,-668.9158422300521,-668.9158422300521,-668.9158422300521,-668.9158422300521,-668.9158422300521,-668.9158422300521,0.0,0.0,0.0,98061.14743819603
2023-12-01,98715.84042757569,81338.95314666779,116464.50097264348,98715.84042757569,98715.84042757569,332.0923568261063,332.0923568261063,332.0923568261063,332.0923568261063,332.0923568261063,332.0923568261063,0.0,0.0,0.0,99047.9327844018
2023-12-02,98701.6175747253,79051.67345004872,115373.57282170097,98701.6175747253,98701.6175747253,-817.0517691703483,-817.0517691703483,-817.0517691703483,-817.0517691703483,-817.0517691703483,-817.0517691703483,0.0,0.0,0.0,97884.56580555496
2023-12-03,98687.39472187491,80795.1868383454,118879.5641764294,98687.39472187491,98687.39472187491,1165.7932259043453,1165.7932259043453,1165.7932259043453,1165.7932259043453,1165.7932259043453,1165.7932259043453,0.0,0.0,0.0,99853.18794777925
2023-12-04,98673.17186902452,81062.46715050287,116668.31754853259,98673.17186902452,98673.17186902452,-259.4883450091142,-259.4883450091142,-259.4883450091142,-259.4883450091142,-259.4883450091142,-259.4883450091142,0.0,0.0,0.0,98413.6835240154
2023-12-05,98658.94901617413,81347.67261958103,115646.91553855964,98658.94901617413,98658.94901617413,70.62870883336116,70.62870883336116,70.62870883336116,70.62870883336116,70.62870883336116,70.62870883336116,0.0,0.0,0.0,98729.57772500749
2023-12-06,98644.72616332375,80746.83542723936,118022.75024260745,98644.72616332375,98644.72616332375,176.94166484666064,176.94166484666064,176.94166484666064,176.94166484666064,176.94166484666064,176.94166484666064,0.0,0.0,0.0,98821.66782817041
2023-12-07,98630.50331047336,81703.25494401695,116218.37662785113,98630.50331047336,98630.50331047336,-668.9158422357834,-668.9158422357834,-668.9158422357834,-668.9158422357834,-668.9158422357834,-668.9158422357834,0.0,0.0,0.0,97961.58746823757
2023-12-08,98616.28045762295,81127.40617958628,116737.15007774494,98616.28045762295,98616.28045762295,332.09235682666883,332.09235682666883,332.09235682666883,332.09235682666883,332.09235682666883,332.09235682666883,0.0,0.0,0.0,98948.37281444963
2023-12-09,98602.05760477256,80980.14643262922,115857.64697485833,98602.05760477256,98602.05760477256,-817.051769169987,-817.051769169987,-817.051769169987,-817.051769169987,-817.051769169987,-817.051769169987,0.0,0.0,0.0,97785.00583560257
2023-12-10,98587.83475192217,82357.60729429703,117067.50477521049,98587.83475192217,98587.83475192217,1165.7932259038457,1165.7932259038457,1165.7932259038457,1165.7932259038457,1165.7932259038457,1165.7932259038457,0.0,0.0,0.0,99753.62797782602
2023-12-11,98573.61189907178,79780.73520599918,116515.30617316073,98573.61189907178,98573.61189907178,-259.4883450130229,-259.4883450130229,-259.4883450130229,-259.4883450130229,-259.4883450130229,-259.4883450130229,0.0,0.0,0.0,98314.12355405875
2023-12-12,98559.3890462214,80598.3150645626,116392.22769511204,98559.3890462214,98559.3890462214,70.62870883802474,70.62870883802474,70.62870883802474,70.62870883802474,70.62870883802474,70.62870883802474,0.0,0.0,0.0,98630.01775505942
2023-12-13,98545.16619337101,81038.32922430182,118203.99059616009,98545.16619337101,98545.16619337101,176.94166484799968,176.94166484799968,176.94166484799968,176.94166484799968,176.94166484799968,176.94166484799968,0.0,0.0,0.0,98722.10785821901
2023-12-14,98530.94334052062,79012.0520771619,115672.27232594125,98530.94334052062,98530.94334052062,-668.9158422325718,-668.9158422325718,-668.9158422325718,-668.9158422325718,-668.9158422325718,-668.9158422325718,0.0,0.0,0.0,97862.02749828805
2023-12-15,98516.72048767022,81589.89380754896,117228.07244194395,98516.72048767022,98516.72048767022,332.09235682482165,332.09235682482165,332.09235682482165,332.09235682482165,332.09235682482165,332.09235682482165,0.0,0.0,0.0,98848.81284449504
2023-12-16,98502.49763481983,79590.77780461675,115655.14889410175,98502.49763481983,98502.49763481983,-817.0517691694969,-817.0517691694969,-817.0517691694969,-817.0517691694969,-817.0517691694969,-817.0517691694969,0.0,0.0,0.0,97685.44586565033
2023-12-17,98488.27478196943,81651.39585063112,121077.62726710884,98488.27478196943,98488.27478196943,1165.7932259027853,1165.7932259027853,1165.7932259027853,1165.7932259027853,1165.7932259027853,1165.7932259027853,0.0,0.0,0.0,99654.06800787222
2023-12-18,98474.05192911906,80219.81234087156,117258.29771722585,98474.05192911906,98474.05192911906,-259.4883450076674,-259.4883450076674,-259.4883450076674,-259.4883450076674,-259.4883450076674,-259.4883450076674,0.0,0.0,0.0,98214.56358411138
2023-12-19,98459.82907626867,80421.81197796512,116414.69982310658,98459.82907626867,98459.82907626867,70.62870883096437,70.62870883096437,70.62870883096437,70.62870883096437,70.62870883096437,70.62870883096437,0.0,0.0,0.0,98530.45778509963
2023-12-20,98445.60622341828,82178.92925320206,116681.46713485729,98445.60622341828,98445.60622341828,176.9416648436914,176.9416648436914,176.9416648436914,176.9416648436914,176.9416648436914,176.9416648436914,0.0,0.0,0.0,98622.54788826196
2023-12-21,98431.38337056788,81205.33914123506,116433.87570169615,98431.38337056788,98431.38337056788,-668.9158422338314,-668.9158422338314,-668.9158422338314,-668.9158422338314,-668.9158422338314,-668.9158422338314,0.0,0.0,0.0,97762.46752833405
2023-12-22,98417.1605177175,80841.81901006139,116943.26653311815,98417.1605177175,98417.1605177175,332.0923568229744,332.0923568229744,332.0923568229744,332.0923568229744,332.0923568229744,332.0923568229744,0.0,0.0,0.0,98749.25287454047
2023-12-23,98402.93766486709,79220.74192087822,115452.98023174657,98402.93766486709,98402.93766486709,-817.0517691691358,-817.0517691691358,-817.0517691691358,-817.0517691691358,-817.0517691691358,-817.0517691691358,0.0,0.0,0.0,97585.88589569795
2023-12-24,98388.71481201671,81428.34700483822,117108.21532142918,98388.71481201671,98388.71481201671,1165.7932259022855,1165.7932259022855,1165.7932259022855,1165.7932259022855,1165.7932259022855,1165.7932259022855,0.0,0.0,0.0,99554.508037919
2023-12-25,98374.49195916632,79284.45894112764,117063.99650629013,98374.49195916632,98374.49195916632,-259.4883450115762,-259.4883450115762,-259.4883450115762,-259.4883450115762,-259.4883450115762,-259.4883450115762,0.0,0.0,0.0,98115.00361415475
2023-12-26,98360.26910631593,79786.11354110434,115015.70128711552,98360.26910631593,98360.26910631593,70.62870883531322,70.62870883531322,70.62870883531322,70.62870883531322,70.62870883531322,70.62870883531322,0.0,0.0,0.0,98430.89781515124
2023-12-27,98346.04625346554,80537.11095903837,117377.89706609708,98346.04625346554,98346.04625346554,176.9416648450304,176.9416648450304,176.9416648450304,176.9416648450304,176.9416648450304,176.9416648450304,0.0,0.0,0.0,98522.98791831057
2023-12-28,98331.82340061515,78881.47255412425,116853.80892831637,98331.82340061515,98331.82340061515,-668.915842233759,-668.915842233759,-668.915842233759,-668.915842233759,-668.915842233759,-668.915842233759,0.0,0.0,0.0,97662.90755838138
2023-12-29,98317.60054776476,80688.65918863082,116708.07980057746,98317.60054776476,98317.60054776476,332.0923568259469,332.0923568259469,332.0923568259469,332.0923568259469,332.0923568259469,332.0923568259469,0.0,0.0,0.0,98649.6929045907
2023-12-30,98303.37769491436,80224.3889227095,114491.20032227856,98303.37769491436,98303.37769491436,-817.0517691685168,-817.0517691685168,-817.0517691685168,-817.0517691685168,-817.0517691685168,-817.0517691685168,0.0,0.0,0.0,97486.32592574584
2023-12-31,98289.15484206397,82008.91317513214,117441.81091983354,98289.15484206397,98289.15484206397,1165.793225904428,1165.793225904428,1165.793225904428,1165.793225904428,1165.793225904428,1165.793225904428,0.0,0.0,0.0,99454.9480679684
2024-01-01,98274.93198921358,79625.73682266995,115703.0882804366,98274.93198921358,98274.93198921358,-259.4883450108528,-259.4883450108528,-259.4883450108528,-259.4883450108528,-259.4883450108528,-259.4883450108528,0.0,0.0,0.0,98015.44364420274
2024-01-02,98260.70913636319,79987.01865724273,114844.33371817485,98260.70913636319,98260.70913636319,70.62870883427216,70.62870883427216,70.62870883427216,70.62870883427216,70.62870883427216,70.62870883427216,0.0,0.0,0.0,98331.33784519746
2024-01-03,98246.4862835128,81162.96762842074,116426.56273494838,98246.4862835128,98246.4862835128,176.94166484072227,176.94166484072227,176.94166484072227,176.94166484072227,176.94166484072227,176.94166484072227,0.0,0.0,0.0,98423.42794835352
2024-01-04,98232.26343066241,78507.24329590911,116225.10031950513,98232.26343066241,98232.26343066241,-668.9158422350188,-668.9158422350188,-668.9158422350188,-668.9158422350188,-668.9158422350188,-668.9158422350188,0.0,0.0,0.0,97563.3475884274
2024-01-05,98218.04057781203,80586.2758813753,116988.23037339615,98218.04057781203,98218.04057781203,332.0923568288421,332.0923568288421,332.0923568288421,332.0923568288421,332.0923568288421,332.0923568288421,0.0,0.0,0.0,98550.13293464087
2024-01-06,98203.81772496164,79623.63024304452,116556.48788001339,98203.81772496164,98203.81772496164,-817.0517691681555,-817.0517691681555,-817.0517691681555,-817.0517691681555,-817.0517691681555,-817.0517691681555,0.0,0.0,0.0,97386.76595579348
2024-01-07,98189.59487211125,80168.88594157057,116992.13298333676,98189.59487211125,98189.69073952318,1165.7932259039283,1165.7932259039283,1165.7932259039283,1165.7932259039283,1165.7932259039283,1165.7932259039283,0.0,0.0,0.0,99355.38809801517
2024-01-08,98175.37201926085,79702.63067195764,115653.79459860302,98175.37201926085,98175.57868680639,-259.48834500830606,-259.48834500830606,-259.48834500830606,-259.48834500830606,-259.48834500830606,-259.48834500830606,0.0,0.0,0.0,97915.88367425255
2024-01-09,98161.14916641045,80402.76082747236,116548.17922728836,98160.991683858,98161.53204400663,70.62870883291639,70.62870883291639,70.62870883291639,70.62870883291639,70.62870883291639,70.62870883291639,0.0,0.0,0.0,98231.77787524337
2024-01-10,98146.92631356006,79353.94989104097,116281.42330267765,98146.54163683648,98147.6688014973,176.94166484770852,176.94166484770852,176.94166484770852,176.94166484770852,176.94166484770852,176.94166484770852,0.0,0.0,0.0,98323.86797840777
2024-01-11,98132.70346070969,79400.46508810566,116151.86940622584,98131.92875934142,98133.61858494443,-668.9158422318072,-668.9158422318072,-668.9158422318072,-668.9158422318072,-668.9158422318072,-668.9158422318072,0.0,0.0,0.0,97463.78761847787
2024-01-12,98118.4806078593,79213.90791082871,116590.19322686577,98117.36225946507,98119.77616268648,332.0923568269949,332.0923568269949,332.0923568269949,332.0923568269949,332.0923568269949,332.0923568269949,0.0,0.0,0.0,98450.57296468629
2024-01-13,98104.2577550089,79062.1165290447,115214.39091748024,98102.65416089751,98106.01918891762,-817.0517691702031,-817.0517691702031,-817.0517691702031,-817.0517691702031,-817.0517691702031,-817.0517691702031,0.0,0.0,0.0,97287.20598583871
2024-01-14,98090.0349021585,80615.31620829564,118687.87039289203,98087.95209182712,98092.33411115246,1165.793225906071,1165.793225906071,1165.793225906071,1165.793225906071,1165.793225906071,1165.793225906071,0.0,0.0,0.0,99255.82812806458
2024-01-15,98075.81204930811,80532.1632252241,116547.18112029287,98073.1227299734,98078.43322323434,-259.4883450075827,-259.4883450075827,-259.4883450075827,-259.4883450075827,-259.4883450075827,-259.4883450075827,0.0,0.0,0.0,97816.32370430052
2024-01-16,98061.58919645772,80178.36062364891,115904.66043301739,98058.33540509982,98064.59149071232,70.6287088315607,70.6287088315607,70.6287088315607,70.6287088315607,70.6287088315607,70.6287088315607,0.0,0.0,0.0,98132.21790528928
2024-01-17,98047.36634360734,80306.74640814462,115724.32457035579,98043.74447985184,98050.91375693261,176.94166484340028,176.94166484340028,176.94166484340028,176.94166484340028,176.94166484340028,176.94166484340028,0.0,0.0,0.0,98224.30800845074
2024-01-18,98033.14349075695,78759.56032599045,115924.51805624696,98028.81765758345,98037.19847991237,-668.9158422330669,-668.9158422330669,-668.9158422330669,-668.9158422330669,-668.9158422330669,-668.9158422330669,0.0,0.0,0.0,97364.22764852388
2024-01-19,98018.92063790656,79921.08689388316,117269.80096075572,98013.71123812119,98023.75403252768,332.09235682514753,332.09235682514753,332.09235682514753,332.09235682514753,332.09235682514753,332.09235682514753,0.0,0.0,0.0,98351.0129947317
2024-01-20,98004.69778505617,79710.52488377417,115849.3734859718,97998.6984260704,98010.24151987037,-817.051769169713,-817.051769169713,-817.051769169713,-817.051769169713,-817.051769169713,-817.051769169713,0.0,0.0,0.0,97187.64601588645
2024-01-21,97990.47493220578,80800.42946074202,118041.69406337937,97983.83697597307,97996.64885416764,1165.7932259029292,1165.7932259029292,1165.7932259029292,1165.7932259029292,1165.7932259029292,1165.7932259029292,0.0,0.0,0.0,99156.26815810871
2024-01-22,97976.25207935538,79114.26029781984,116135.34997496827,97968.98821533847,97983.09403873052,-259.48834500685933,-259.48834500685933,-259.48834500685933,-259.48834500685933,-259.48834500685933,-259.48834500685933,0.0,0.0,0.0,97716.76373434853
2024-01-23,97962.029226505,78899.13331587688,117289.17249709969,97953.88468324543,97969.36856614075,70.62870883590962,70.62870883590962,70.62870883590962,70.62870883590962,70.62870883590962,70.62870883590962,0.0,0.0,0.0,98032.6579353409
2024-01-24,97947.8063736546,80285.84718986902,116216.76942695603,97938.73079159758,97956.24331377518,176.94166484444474,176.94166484444474,176.94166484444474,176.94166484444474,176.94166484444474,176.94166484444474,0.0,0.0,0.0,98124.74803849905
2024-01-25,97933.58352080421,78846.28734023253,116067.92165431788,97923.55300912082,97942.334370865,-668.9158422298552,-668.9158422298552,-668.9158422298552,-668.9158422298552,-668.9158422298552,-668.9158422298552,0.0,0.0,0.0,97264.66767857436
2024-01-26,97919.36066795382,79870.42890136952,116447.01696899494,97908.48579009384,97928.7511307269,332.09235682571017,332.09235682571017,332.09235682571017,332.09235682571017,332.09235682571017,332.09235682571017,0.0,0.0,0.0,98251.45302477953
2024-01-27,97905.13781510343,79171.37731733525,115790.26522828263,97893.31873596791,97915.0805789113,-817.0517691692228,-817.0517691692228,-817.0517691692228,-817.0517691692228,-817.0517691692228,-817.0517691692228,0.0,0.0,0.0,97088.08604593421
2024-01-28,97890.91496225304,79836.54042330639,118458.6737620731,97878.13293001817,97901.2915061605,1165.7932259050717,1165.7932259050717,1165.7932259050717,1165.7932259050717,1165.7932259050717,1165.7932259050717,0.0,0.0,0.0,99056.70818815811
2024-01-29,97876.69210940265,80201.73168373705,115826.49396810174,97863.24284953646,97887.81416592575,-259.4883450043125,-259.4883450043125,-259.4883450043125,-259.4883450043125,-259.4883450043125,-259.4883450043125,0.0,0.0,0.0,97617.20376439833
2024-01-30,97862.46925655226,79857.77552149727,116541.20592391123,97848.05837728511,97874.52811842992,70.62870884025854,70.62870884025854,70.62870884025854,70.62870884025854,70.62870884025854,70.62870884025854,0.0,0.0,0.0,97933.09796539252
2024-01-31,97848.24640370187,79914.0390780636,118352.28250949808,97832.8336285098,97860.99044128603,176.9416648457838,176.9416648457838,176.9416648457838,176.9416648457838,176.9416648457838,176.9416648457838,0.0,0.0,0.0,98025.18806854765
2024-02-01,97834.02355085147,79145.31170023883,113322.12982261127,97817.89443760041,97847.54575244566,-668.9158422387256,-668.9158422387256,-668.9158422387256,-668.9158422387256,-668.9158422387256,-668.9158422387256,0.0,0.0,0.0,97165.10770861275
2024-02-02,97819.80069800108,80692.25437490121,116840.64617108948,97802.74566885902,97834.3561480417,332.0923568262728,332.0923568262728,332.0923568262728,332.0923568262728,332.0923568262728,332.0923568262728,0.0,0.0,0.0,98151.89305482735
2024-02-03,97805.57784515069,77682.04824770185,114334.02742561829,97787.4227432034,97821.12538680428,-817.0517691688616,-817.0517691688616,-817.0517691688616,-817.0517691688616,-817.0517691688616,-817.0517691688616,0.0,0.0,0.0,96988.52607598183
2024-02-04,97791.35499230032,78990.06256459614,115598.63594963122,97772.34081009286,97807.3757513281,1165.7932259040113,1165.7932259040113,1165.7932259040113,1165.7932259040113,1165.7932259040113,1165.7932259040113,0.0,0.0,0.0,98957.14821820433
2024-02-05,97777.13213944992,78213.13450297923,115496.96583161606,97757.27266805404,97794.03127983362,-259.48834500822136,-259.48834500822136,-259.48834500822136,-259.48834500822136,-259.48834500822136,-259.48834500822136,0.0,0.0,0.0,97517.6437944417
2024-02-06,97762.90928659953,79917.48196294741,115573.9929721815,97741.21377694629,97781.03216703408,70.62870883890275,70.62870883890275,70.62870883890275,70.62870883890275,70.62870883890275,70.62870883890275,0.0,0.0,0.0,97833.53799543844
2024-02-07,97748.68643374913,80238.06392801162,116784.32506857986,97725.45167009145,97767.60499978536,176.9416648471228,176.9416648471228,176.9416648471228,176.9416648471228,176.9416648471228,176.9416648471228,0.0,0.0,0.0,97925.62809859625
2024-02-08,97734.46358089874,78284.75450630786,115056.95010758645,97710.46518127,97754.12173832135,-668.915842235514,-668.915842235514,-668.915842235514,-668.915842235514,-668.915842235514,-668.915842235514,0.0,0.0,0.0,97065.54773866323
2024-02-09,97720.24072804835,79099.41925097424,116865.37957661686,97694.84993832184,97741.23409579217,332.0923568267582,332.0923568267582,332.0923568267582,332.0923568267582,332.0923568267582,332.0923568267582,0.0,0.0,0.0,98052.3330848751
2024-02-10,97706.01787519797,78172.34322808881,114629.79507236829,97679.72530707119,97728.28559352175,-817.0517691685003,-817.0517691685003,-817.0517691685003,-817.0517691685003,-817.0517691685003,-817.0517691685003,0.0,0.0,0.0,96888.96610602947
2024-02-11,97691.79502234758,79985.76550642098,117104.42370598509,97664.61995599802,97715.13627024378,1165.7932259035117,1165.7932259035117,1165.7932259035117,1165.7932259035117,1165.7932259035117,1165.7932259035117,0.0,0.0,0.0,98857.5882482511
2024-02-12,97677.57216949719,79741.52616697869,115838.56910257608,97649.50948528244,97701.58645108479,-259.4883450028658,-259.4883450028658,-259.4883450028658,-259.4883450028658,-259.4883450028658,-259.4883450028658,0.0,0.0,0.0,97418.08382449432
2024-02-13,97663.34931664678,79175.07470838955,115905.81548307829,97634.37055137941,97688.32823417851,70.62870883754697,70.62870883754697,70.62870883754697,70.62870883754697,70.62870883754697,70.62870883754697,0.0,0.0,0.0,97733.97802548434
2024-02-14,97649.12646379639,79564.10329337812,115712.27878970352,97618.67394298264,97674.97569471401,176.94166484281456,176.94166484281456,176.94166484281456,176.94166484281456,176.94166484281456,176.94166484281456,0.0,0.0,0.0,97826.0681286392
2024-02-15,97634.903610946,79011.69931631762,116125.8401001147,97602.62565878445,97661.75239184711,-668.9158422367738,-668.9158422367738,-668.9158422367738,-668.9158422367738,-668.9158422367738,-668.9158422367738,0.0,0.0,0.0,96965.98776870922
2024-02-16,97620.68075809562,78747.56691420368,115392.07203199883,97586.84686183301,97648.43207825175,332.09235682491095,332.09235682491095,332.09235682491095,332.09235682491095,332.09235682491095,332.09235682491095,0.0,0.0,0.0,97952.77311492054
2024-02-17,97606.45790524523,78212.34985004997,115311.84375596637,97570.70998289168,97635.04878016273,-817.0517691680103,-817.0517691680103,-817.0517691680103,-817.0517691680103,-817.0517691680103,-817.0517691680103,0.0,0.0,0.0,96789.40613607722
2024-02-18,97592.23505239484,79661.60492921803,117312.90990851558,97554.96217080465,97622.12045051908,1165.793225903012,1165.793225903012,1165.793225903012,1165.793225903012,1165.793225903012,1165.793225903012,0.0,0.0,0.0,98758.02827829785
2024-02-19,97578.01219954445,78525.5342505345,114846.65189407839,97539.55169046877,97609.38303869183,-259.4883450067745,-259.4883450067745,-259.4883450067745,-259.4883450067745,-259.4883450067745,-259.4883450067745,0.0,0.0,0.0,97318.52385453768
2024-02-20,97563.78934669406,79592.00687014444,115620.87705325057,97524.23537939963,97596.22532284202,70.62870883650596,70.62870883650596,70.62870883650596,70.62870883650596,70.62870883650596,70.62870883650596,0.0,0.0,0.0,97634.41805553056
2024-02-21,97549.56649384367,80033.6917442917,115124.31809078876,97508.86394284201,97583.0363846131,176.94166483850628,176.94166483850628,176.94166483850628,176.94166483850628,176.94166483850628,176.94166483850628,0.0,0.0,0.0,97726.50815868218
2024-02-22,97535.34364099328,80201.2856771809,115200.6888220597,97492.47976096033,97569.80450722066,-668.9158422335622,-668.9158422335622,-668.9158422335622,-668.9158422335622,-668.9158422335622,-668.9158422335622,0.0,0.0,0.0,96866.42779875972
2024-02-23,97521.12078814289,78787.27459437937,116120.95360589062,97476.04563913993,97556.53156216696,332.0923568278834,332.0923568278834,332.0923568278834,332.0923568278834,332.0923568278834,332.0923568278834,0.0,0.0,0.0,97853.21314497077
2024-02-24,97506.8979352925,78104.49790006156,115432.39923887684,97460.68584852459,97543.35144271623,-817.0517691675201,-817.0517691675201,-817.0517691675201,-817.0517691675201,-817.0517691675201,-817.0517691675201,0.0,0.0,0.0,96689.84616612497
2024-02-25,97492.6750824421,81709.71750340048,117055.05834132626,97445.46166746078,97530.10887504343,1165.7932259019515,1165.7932259019515,1165.7932259019515,1165.7932259019515,1165.7932259019515,1165.7932259019515,0.0,0.0,0.0,98658.46830834406
2024-02-26,97478.45222959171,78521.44337479991,113249.32308790354,97429.77844951513,97516.91861978453,-259.4883450060511,-259.4883450060511,-259.4883450060511,-259.4883450060511,-259.4883450060511,-259.4883450060511,0.0,0.0,0.0,97218.96388458567
2024-02-27,97464.22937674132,79507.61419053511,115290.91017360393,97413.30499175539,97503.68603203594,70.62870884085483,70.62870884085483,70.62870884085483,70.62870884085483,70.62870884085483,70.62870884085483,0.0,0.0,0.0,97534.85808558218
2024-02-28,97450.00652389094,78370.25255109157,115344.92043842278,97397.88581833402,97490.48895715126,176.9416648451981,176.9416648451981,176.9416648451981,176.9416648451981,176.9416648451981,176.9416648451981,0.0,0.0,0.0,97626.94818873615
2024-02-29,97435.78367104054,78981.37291354743,116760.566285023,97382.60224297493,97477.54959044598,-668.9158422348219,-668.9158422348219,-668.9158422348219,-668.9158422348219,-668.9158422348219,-668.9158422348219,0.0,0.0,0.0,96766.86782880571
2024-03-01,97421.56081819015,78849.75597589114,114815.19986894376,97367.00161625425,97464.3161615069,332.09235682603605,332.09235682603605,332.09235682603605,332.09235682603605,332.09235682603605,332.09235682603605,0.0,0.0,0.0,97753.65317501618
2024-03-02,97407.33796533976,79192.78948727448,116236.00029267358,97350.89938165192,97451.58557758562,-817.0517691695676,-817.0517691695676,-817.0517691695676,-817.0517691695676,-817.0517691695676,-817.0517691695676,0.0,0.0,0.0,96590.28619617019
2024-03-03,97393.11511248937,79487.9032882051,116670.88608470137,97334.54458807924,97438.39887630356,1165.793225901452,1165.793225901452,1165.793225901452,1165.793225901452,1165.793225901452,1165.793225901452,0.0,0.0,0.0,98558.90833839081
2024-03-04,97378.89225963897,78448.27321949368,116201.17218184433,97317.97041646461,97425.47998749494,-259.48834500995986,-259.48834500995986,-259.48834500995986,-259.48834500995986,-259.48834500995986,-259.48834500995986,0.0,0.0,0.0,97119.40391462902
2024-03-05,97364.6694067886,79154.53442632729,115949.7823976089,97302.66453405718,97413.1006972321,70.62870883379445,70.62870883379445,70.62870883379445,70.62870883379445,70.62870883379445,70.62870883379445,0.0,0.0,0.0,97435.2981156224
2024-03-06,97350.4465539382,79100.39238865506,116058.4124480865,97287.47926397182,97400.45548261573,176.9416648521843,176.9416648521843,176.9416648521843,176.9416648521843,176.9416648521843,176.9416648521843,0.0,0.0,0.0,97527.3882187904
2024-03-07,97336.22370108782,79359.5333229796,114092.97913036124,97272.21738613822,97387.6670868989,-668.9158422347496,-668.9158422347496,-668.9158422347496,-668.9158422347496,-668.9158422347496,-668.9158422347496,0.0,0.0,0.0,96667.30785885306
2024-03-08,97322.00084823741,79207.47007730739,115656.97197116436,97256.95550830456,97375.30379535578,332.09235682659863,332.09235682659863,332.09235682659863,332.09235682659863,332.09235682659863,332.09235682659863,0.0,0.0,0.0,97654.09320506401
2024-03-09,97307.77799538702,79058.56157622588,115260.63637388394,97241.3556854037,97362.95844830423,-817.0517691692065,-817.0517691692065,-817.0517691692065,-817.0517691692065,-817.0517691692065,-817.0517691692065,0.0,0.0,0.0,96490.72622621781
2024-03-10,97293.55514253663,77478.06708594004,115745.01320143092,97225.4018963725,97350.04199864052,1165.7932259035945,1165.7932259035945,1165.7932259035945,1165.7932259035945,1165.7932259035945,1165.7932259035945,0.0,0.0,0.0,98459.34836844022
2024-03-11,97279.33228968625,77886.71321457883,114975.81128237532,97209.3444585278,97336.96959903899,-259.48834500923647,-259.48834500923647,-259.48834500923647,-259.48834500923647,-259.48834500923647,-259.48834500923647,0.0,0.0,0.0,97019.84394467702
2024-03-12,97265.10943683586,78738.67763215123,115764.41824500784,97193.9914867679,97323.44497541588,70.62870883814337,70.62870883814337,70.62870883814337,70.62870883814337,70.62870883814337,70.62870883814337,0.0,0.0,0.0,97335.73814567401
2024-03-13,97250.88658398547,79071.68927604351,116436.80276998202,97177.94976212189,97310.59704800238,176.94166484787607,176.94166484787607,176.94166484787607,176.94166484787607,176.94166484787607,176.94166484787607,0.0,0.0,0.0,97427.82824883335
2024-03-14,97236.66373113508,76655.08959205996,114581.23956492545,97161.84781408586,97298.14104893304,-668.9158422360091,-668.9158422360091,-668.9158422360091,-668.9158422360091,-668.9158422360091,-668.9158422360091,0.0,0.0,0.0,96567.74788889907
2024-03-15,97222.44087828467,79443.33017086574,115349.34009310062,97145.75794460121,97285.09097033109,332.09235682475145,332.09235682475145,332.09235682475145,332.09235682475145,332.09235682475145,332.09235682475145,0.0,0.0,0.0,97554.53323510943
2024-03-16,97208.21802543428,78523.44485676539,113229.19533467416,97129.66788654153,97272.4436241727,-817.0517691685875,-817.0517691685875,-817.0517691685875,-817.0517691685875,-817.0517691685875,-817.0517691685875,0.0,0.0,0.0,96391.1662562657
2024-03-17,97193.9951725839,78913.39016049015,115904.64057029068,97113.6071075694,97260.30212201712,1165.7932259004526,1165.7932259004526,1165.7932259004526,1165.7932259004526,1165.7932259004526,1165.7932259004526,0.0,0.0,0.0,98359.78839848436
2024-03-18,97179.77231973351,77636.34588904995,114269.58189139482,97098.20007465979,97248.00409912254,-259.4883450066897,-259.4883450066897,-259.4883450066897,-259.4883450066897,-259.4883450066897,-259.4883450066897,0.0,0.0,0.0,96920.28397472683
2024-03-19,97165.54946688312,79517.8881420959,116462.54060505203,97082.41709312251,97234.76632439587,70.6287088367876,70.6287088367876,70.6287088367876,70.6287088367876,70.6287088367876,70.6287088367876,0.0,0.0,0.0,97236.1781757199
2024-03-20,97151.32661403273,79430.67128371476,114925.99838084709,97066.84605809882,97222.0064481172,176.94166484356788,176.94166484356788,176.94166484356788,176.94166484356788,176.94166484356788,176.94166484356788,0.0,0.0,0.0,97328.2682788763
2024-03-21,97137.10376118234,77429.47028782216,113413.77565467946,97050.6294179285,97209.03053543271,-668.9158422327977,-668.9158422327977,-668.9158422327977,-668.9158422327977,-668.9158422327977,-668.9158422327977,0.0,0.0,0.0,96468.18791894954
2024-03-22,97122.88090833195,78522.75868152044,116095.95699262735,97034.4474306098,97196.49887995898,332.09235682531397,332.09235682531397,332.09235682531397,332.09235682531397,332.09235682531397,332.09235682531397,0.0,0.0,0.0,97454.97326515727
2024-03-23,97108.65805548156,78627.55824825399,115626.51803466638,97018.77917506485,97183.62675514213,-817.0517691707639,-817.0517691707639,-817.0517691707639,-817.0517691707639,-817.0517691707639,-817.0517691707639,0.0,0.0,0.0,96291.6062863108
2024-03-24,97094.43520263117,80096.35337757884,116524.32398228422,97003.38616254093,97171.21689097073,1165.7932259025952,1165.7932259025952,1165.7932259025952,1165.7932259025952,1165.7932259025952,1165.7932259025952,0.0,0.0,0.0,98260.22842853377
2024-03-25,97080.21234978078,77545.60601833202,115312.78963679187,96987.7090994165,97158.13880699665,-259.4883450059664,-259.4883450059664,-259.4883450059664,-259.4883450059664,-259.4883450059664,-259.4883450059664,0.0,0.0,0.0,96820.7240047748
2024-03-26,97065.98949693039,78748.30918769087,116101.38590682016,96971.8401274732,97145.59127392893,70.62870884113651,70.62870884113651,70.62870884113651,70.62870884113651,70.62870884113651,70.62870884113651,0.0,0.0,0.0,97136.61820577152
2024-03-27,97051.76664408,79814.96432073184,115385.33407793533,96955.82727662305,97132.71986675872,176.94166484490688,176.94166484490688,176.94166484490688,176.94166484490688,176.94166484490688,176.94166484490688,0.0,0.0,0.0,97228.7083089249
2024-03-28,97037.5437912296,78641.52681393208,113171.87380731654,96939.8412898814,97119.97306273312,-668.9158422385286,-668.9158422385286,-668.9158422385286,-668.9158422385286,-668.9158422385286,-668.9158422385286,0.0,0.0,0.0,96368.62794899108
2024-03-29,97023.32093837923,78966.0333801646,117088.58560665838,96923.98301462017,97107.4616952409,332.0923568257994,332.0923568257994,332.0923568257994,332.0923568257994,332.0923568257994,332.0923568257994,0.0,0.0,0.0,97355.41329520503
2024-03-30,97009.09808552882,78899.3602359283,114526.13502216384,96908.00538456526,97094.7504373989,-817.0517691701449,-817.0517691701449,-817.0517691701449,-817.0517691701449,-817.0517691701449,-817.0517691701449,0.0,0.0,0.0,96192.04631635868
